year,Amanda,Ashley,Betty,Deborah,Dorothy,Helen,Linda,Patricia
1,241,0,117,12,112,636,27,0
2,263,0,112,14,109,612,38,0
3,288,0,123,15,115,838,36,0
4,287,0,120,16,141,862,49,0
5,337,0,144,13,163,986,33,6
6,339,0,155,10,196,1134,60,5
7,370,0,167,10,230,1267,49,8
8,338,0,178,15,272,1405,50,10
9,404,0,214,26,373,1847,77,12
10,413,0,189,12,377,1909,74,17
11,392,0,216,24,458,2312,54,11
12,371,0,239,15,566,2417,78,12
13,455,0,255,16,626,2936,83,21
14,387,0,298,24,821,3249,82,28
15,418,0,298,18,1052,3676,94,36
16,431,0,350,13,1127,4023,96,35
17,367,0,342,18,1366,4392,104,37
18,354,0,367,23,1472,4519,81,49
19,371,0,421,21,1671,5230,102,47
20,326,0,410,11,1687,5048,98,56
21,377,0,664,26,2491,6343,126,89
22,317,0,474,21,2173,5247,86,68
23,301,0,580,21,2707,5967,91,85
24,247,0,596,21,3078,6129,90,79
25,294,0,707,23,3477,6488,101,124
26,311,0,807,18,3937,6811,106,121
27,260,0,865,25,4326,7176,98,157
28,285,0,1018,21,4967,7579,102,177
29,260,0,1128,25,5703,8439,93,205
30,271,0,1082,26,6253,9250,105,233
31,278,0,1389,33,7318,10479,137,316
32,280,0,1456,36,8869,11802,130,325
33,310,0,2011,32,12645,16133,189,504
34,346,0,2239,42,14674,18889,238,588
35,375,0,2933,62,18782,23221,219,656
36,412,0,4182,106,25154,30866,290,895
37,421,0,5136,90,27415,32661,297,1078
38,445,5,6639,89,28853,34249,291,1441
39,397,0,8802,92,32034,36150,322,1760
40,379,0,10107,70,31734,33705,282,2144
41,379,0,14017,82,36645,35098,349,2502
42,392,0,17637,94,39083,34819,367,3382
43,341,0,20893,71,37711,32507,365,3902
44,362,0,25990,118,39045,31492,423,4800
45,341,0,30602,125,39996,31193,454,6958
46,310,0,32817,82,38572,29168,438,8095
47,310,0,32959,116,36614,26884,479,8590
48,234,0,35422,91,35987,25316,516,10553
49,247,0,36078,130,33728,22936,554,12332
50,209,0,36669,161,31477,20983,509,13626
51,196,0,38239,165,30404,19914,493,15749
52,209,0,36102,158,26521,17657,534,16468
53,213,0,34411,208,24968,16375,774,17991
54,199,0,31526,243,22050,14645,786,18625
55,189,0,31078,280,21280,14099,1001,20847
56,211,0,28673,279,19400,12778,1197,22876
57,192,0,25863,299,17668,12232,2439,23912
58,176,0,25328,323,16571,11452,4380,26837
59,192,7,25502,410,16348,10833,7047,27555
60,185,0,23639,443,15170,10417,10714,29704
61,218,0,22074,469,14874,10201,18368,32661
62,223,6,20900,608,14561,9889,23715,36901
63,295,8,21654,676,15032,10013,31611,39454
64,284,10,21595,788,14785,9799,38437,39620
65,238,12,19757,1293,13378,8693,38411,36872
66,280,10,18383,1464,12328,8300,41464,35840
67,274,7,19714,2470,12796,8852,52708,46295
68,310,11,18962,5838,12751,8978,99680,51274
69,306,13,16622,11246,11326,8305,96211,46135
70,333,11,14946,19208,10406,7709,91010,46337
71,379,15,13614,29073,9555,7060,80439,47952
72,409,15,12820,42045,9082,6945,73947,56433
73,418,24,12125,49809,8608,6470,67092,53090
74,428,15,11367,52196,8154,6120,61264,51007
75,428,21,10615,54674,7791,5940,55371,49133
76,452,8,9928,52314,7241,5596,51279,46210
77,643,25,9213,47829,6862,5279,48067,43332
78,667,27,8474,40065,6401,5015,44495,39277
79,796,38,7709,32936,5539,4763,41898,37932
80,858,37,7317,29552,5238,4378,40409,35221
81,977,57,6503,25269,5077,4069,37314,32107
82,1057,80,5580,24092,4726,3855,35574,28867
83,948,95,4765,22893,4075,3587,31462,26538
84,1035,108,4154,21062,3791,3340,27715,25363
85,1275,180,4067,19306,3535,3095,23633,26087
86,1650,218,3565,17083,2960,2804,19339,23551
87,2329,263,2948,16250,2667,2449,15560,20115
88,2663,386,2543,14007,2316,2153,13199,17746
89,2430,544,2134,12286,2084,1881,11368,15806
90,2817,643,2133,11186,1778,1857,10248,14957
91,3550,932,1967,9853,1802,1715,8734,13404
92,4133,1164,1763,8675,1626,1441,7379,11466
93,4181,1176,1366,6279,1277,1245,5746,9602
94,5627,1253,1323,4984,1175,1133,4735,8477
95,7476,1626,1130,4345,1100,1140,4085,8040
96,12653,1988,1021,3415,975,1057,3525,7056
97,15591,2292,908,2994,983,942,3141,6017
98,18280,2706,807,2677,934,992,2909,5907
99,20522,3484,715,2479,913,922,2936,5498
100,31927,4450,711,2181,889,879,2739,5651
101,35819,7296,658,1938,895,909,2805,5309
102,34373,8877,662,1905,787,896,2730,5285
103,34210,14851,635,1842,828,875,2787,5167
104,33754,33290,563,1605,759,844,2473,4922
105,33906,38759,503,1468,682,859,2334,4475
106,39050,47007,502,1401,719,809,2113,4398
107,40522,49674,407,1284,629,766,1951,4246
108,41786,54845,435,1203,614,815,1929,3913
109,39451,49963,395,1056,608,775,1844,3798
110,36827,47585,399,1076,620,857,1844,3606
111,34405,45553,406,1094,596,861,1658,3578
112,28887,43482,345,1014,498,773,1608,3418
113,25034,38452,296,919,508,827,1580,2951
114,20809,34847,292,797,476,868,1487,2660
115,18715,30278,275,740,442,848,1281,2363
116,16345,26603,234,660,376,837,1233,2160
117,13973,23676,217,633,350,900,987,1970
118,12239,20895,189,638,315,812,1095,1781
119,10908,19871,194,553,312,832,970,1704
120,9741,18132,182,524,335,841,898,1532
121,8550,17997,174,545,312,890,849,1392
122,6963,16524,153,489,317,884,837,1223
123,6132,15339,127,474,263,875,769,1113
124,5339,14512,142,421,291,783,739,1011
125,4677,14370,136,427,288,860,727,997
126,4088,13270,132,425,234,960,745,877
127,3355,12340,135,423,265,948,698,775
128,3038,11423,134,371,262,931,659,725
129,2439,9402,137,355,242,884,611,629
130,1952,7811,148,346,226,826,550,564
131,1655,6306,132,354,240,703,476,479
132,1409,5398,167,332,276,729,488,427
133,1228,4696,140,336,277,772,448,394
134,1064,3936,174,329,334,738,441,419
135,1048,3547,193,369,382,801,470,377
136,1013,3409,186,346,395,757,423,346
137,241,0,117,12,112,636,27,0
138,263,0,112,14,109,612,38,0
139,288,0,123,15,115,838,36,0
140,287,0,120,16,141,862,49,0
141,337,0,144,13,163,986,33,6
142,339,0,155,10,196,1134,60,5
143,370,0,167,10,230,1267,49,8
144,338,0,178,15,272,1405,50,10
145,404,0,214,26,373,1847,77,12
146,413,0,189,12,377,1909,74,17
147,392,0,216,24,458,2312,54,11
148,371,0,239,15,566,2417,78,12
149,455,0,255,16,626,2936,83,21
150,387,0,298,24,821,3249,82,28
151,418,0,298,18,1052,3676,94,36
152,431,0,350,13,1127,4023,96,35
153,367,0,342,18,1366,4392,104,37
154,354,0,367,23,1472,4519,81,49
155,371,0,421,21,1671,5230,102,47
156,326,0,410,11,1687,5048,98,56
157,377,0,664,26,2491,6343,126,89
158,317,0,474,21,2173,5247,86,68
159,301,0,580,21,2707,5967,91,85
160,247,0,596,21,3078,6129,90,79
161,294,0,707,23,3477,6488,101,124
162,311,0,807,18,3937,6811,106,121
163,260,0,865,25,4326,7176,98,157
164,285,0,1018,21,4967,7579,102,177
165,260,0,1128,25,5703,8439,93,205
166,271,0,1082,26,6253,9250,105,233
167,278,0,1389,33,7318,10479,137,316
168,280,0,1456,36,8869,11802,130,325
169,310,0,2011,32,12645,16133,189,504
170,346,0,2239,42,14674,18889,238,588
171,375,0,2933,62,18782,23221,219,656
172,412,0,4182,106,25154,30866,290,895
173,421,0,5136,90,27415,32661,297,1078
174,445,5,6639,89,28853,34249,291,1441
175,397,0,8802,92,32034,36150,322,1760
176,379,0,10107,70,31734,33705,282,2144
177,379,0,14017,82,36645,35098,349,2502
178,392,0,17637,94,39083,34819,367,3382
179,341,0,20893,71,37711,32507,365,3902
180,362,0,25990,118,39045,31492,423,4800
181,341,0,30602,125,39996,31193,454,6958
182,310,0,32817,82,38572,29168,438,8095
183,310,0,32959,116,36614,26884,479,8590
184,234,0,35422,91,35987,25316,516,10553
185,247,0,36078,130,33728,22936,554,12332
186,209,0,36669,161,31477,20983,509,13626
187,196,0,38239,165,30404,19914,493,15749
188,209,0,36102,158,26521,17657,534,16468
189,213,0,34411,208,24968,16375,774,17991
190,199,0,31526,243,22050,14645,786,18625
191,189,0,31078,280,21280,14099,1001,20847
192,211,0,28673,279,19400,12778,1197,22876
193,192,0,25863,299,17668,12232,2439,23912
194,176,0,25328,323,16571,11452,4380,26837
195,192,7,25502,410,16348,10833,7047,27555
196,185,0,23639,443,15170,10417,10714,29704
197,218,0,22074,469,14874,10201,18368,32661
198,223,6,20900,608,14561,9889,23715,36901
199,295,8,21654,676,15032,10013,31611,39454
200,284,10,21595,788,14785,9799,38437,39620
201,238,12,19757,1293,13378,8693,38411,36872
202,280,10,18383,1464,12328,8300,41464,35840
203,274,7,19714,2470,12796,8852,52708,46295
204,310,11,18962,5838,12751,8978,99680,51274
205,306,13,16622,11246,11326,8305,96211,46135
206,333,11,14946,19208,10406,7709,91010,46337
207,379,15,13614,29073,9555,7060,80439,47952
208,409,15,12820,42045,9082,6945,73947,56433
209,418,24,12125,49809,8608,6470,67092,53090
210,428,15,11367,52196,8154,6120,61264,51007
211,428,21,10615,54674,7791,5940,55371,49133
212,452,8,9928,52314,7241,5596,51279,46210
213,643,25,9213,47829,6862,5279,48067,43332
214,667,27,8474,40065,6401,5015,44495,39277
215,796,38,7709,32936,5539,4763,41898,37932
216,858,37,7317,29552,5238,4378,40409,35221
217,977,57,6503,25269,5077,4069,37314,32107
218,1057,80,5580,24092,4726,3855,35574,28867
219,948,95,4765,22893,4075,3587,31462,26538
220,1035,108,4154,21062,3791,3340,27715,25363
221,1275,180,4067,19306,3535,3095,23633,26087
222,1650,218,3565,17083,2960,2804,19339,23551
223,2329,263,2948,16250,2667,2449,15560,20115
224,2663,386,2543,14007,2316,2153,13199,17746
225,2430,544,2134,12286,2084,1881,11368,15806
226,2817,643,2133,11186,1778,1857,10248,14957
227,3550,932,1967,9853,1802,1715,8734,13404
228,4133,1164,1763,8675,1626,1441,7379,11466
229,4181,1176,1366,6279,1277,1245,5746,9602
230,5627,1253,1323,4984,1175,1133,4735,8477
231,7476,1626,1130,4345,1100,1140,4085,8040
232,12653,1988,1021,3415,975,1057,3525,7056
233,15591,2292,908,2994,983,942,3141,6017
234,18280,2706,807,2677,934,992,2909,5907
235,20522,3484,715,2479,913,922,2936,5498
236,31927,4450,711,2181,889,879,2739,5651
237,35819,7296,658,1938,895,909,2805,5309
238,34373,8877,662,1905,787,896,2730,5285
239,34210,14851,635,1842,828,875,2787,5167
240,33754,33290,563,1605,759,844,2473,4922
241,33906,38759,503,1468,682,859,2334,4475
242,39050,47007,502,1401,719,809,2113,4398
243,40522,49674,407,1284,629,766,1951,4246
244,41786,54845,435,1203,614,815,1929,3913
245,39451,49963,395,1056,608,775,1844,3798
246,36827,47585,399,1076,620,857,1844,3606
247,34405,45553,406,1094,596,861,1658,3578
248,28887,43482,345,1014,498,773,1608,3418
249,25034,38452,296,919,508,827,1580,2951
250,20809,34847,292,797,476,868,1487,2660
251,18715,30278,275,740,442,848,1281,2363
252,16345,26603,234,660,376,837,1233,2160
253,13973,23676,217,633,350,900,987,1970
254,12239,20895,189,638,315,812,1095,1781
255,10908,19871,194,553,312,832,970,1704
256,9741,18132,182,524,335,841,898,1532
257,8550,17997,174,545,312,890,849,1392
258,6963,16524,153,489,317,884,837,1223
259,6132,15339,127,474,263,875,769,1113
260,5339,14512,142,421,291,783,739,1011
261,4677,14370,136,427,288,860,727,997
262,4088,13270,132,425,234,960,745,877
263,3355,12340,135,423,265,948,698,775
264,3038,11423,134,371,262,931,659,725
265,2439,9402,137,355,242,884,611,629
266,1952,7811,148,346,226,826,550,564
267,1655,6306,132,354,240,703,476,479
268,1409,5398,167,332,276,729,488,427
269,1228,4696,140,336,277,772,448,394
270,1064,3936,174,329,334,738,441,419
271,1048,3547,193,369,382,801,470,377
272,1013,3409,186,346,395,757,423,346
273,241,0,117,12,112,636,27,0
274,263,0,112,14,109,612,38,0
275,288,0,123,15,115,838,36,0
276,287,0,120,16,141,862,49,0
277,337,0,144,13,163,986,33,6
278,339,0,155,10,196,1134,60,5
279,370,0,167,10,230,1267,49,8
280,338,0,178,15,272,1405,50,10
281,404,0,214,26,373,1847,77,12
282,413,0,189,12,377,1909,74,17
283,392,0,216,24,458,2312,54,11
284,371,0,239,15,566,2417,78,12
285,455,0,255,16,626,2936,83,21
286,387,0,298,24,821,3249,82,28
287,418,0,298,18,1052,3676,94,36
288,431,0,350,13,1127,4023,96,35
289,367,0,342,18,1366,4392,104,37
290,354,0,367,23,1472,4519,81,49
291,371,0,421,21,1671,5230,102,47
292,326,0,410,11,1687,5048,98,56
293,377,0,664,26,2491,6343,126,89
294,317,0,474,21,2173,5247,86,68
295,301,0,580,21,2707,5967,91,85
296,247,0,596,21,3078,6129,90,79
297,294,0,707,23,3477,6488,101,124
298,311,0,807,18,3937,6811,106,121
299,260,0,865,25,4326,7176,98,157
300,285,0,1018,21,4967,7579,102,177
301,260,0,1128,25,5703,8439,93,205
302,271,0,1082,26,6253,9250,105,233
303,278,0,1389,33,7318,10479,137,316
304,280,0,1456,36,8869,11802,130,325
305,310,0,2011,32,12645,16133,189,504
306,346,0,2239,42,14674,18889,238,588
307,375,0,2933,62,18782,23221,219,656
308,412,0,4182,106,25154,30866,290,895
309,421,0,5136,90,27415,32661,297,1078
310,445,5,6639,89,28853,34249,291,1441
311,397,0,8802,92,32034,36150,322,1760
312,379,0,10107,70,31734,33705,282,2144
313,379,0,14017,82,36645,35098,349,2502
314,392,0,17637,94,39083,34819,367,3382
315,341,0,20893,71,37711,32507,365,3902
316,362,0,25990,118,39045,31492,423,4800
317,341,0,30602,125,39996,31193,454,6958
318,310,0,32817,82,38572,29168,438,8095
319,310,0,32959,116,36614,26884,479,8590
320,234,0,35422,91,35987,25316,516,10553
321,247,0,36078,130,33728,22936,554,12332
322,209,0,36669,161,31477,20983,509,13626
323,196,0,38239,165,30404,19914,493,15749
324,209,0,36102,158,26521,17657,534,16468
325,213,0,34411,208,24968,16375,774,17991
326,199,0,31526,243,22050,14645,786,18625
327,189,0,31078,280,21280,14099,1001,20847
328,211,0,28673,279,19400,12778,1197,22876
329,192,0,25863,299,17668,12232,2439,23912
330,176,0,25328,323,16571,11452,4380,26837
331,192,7,25502,410,16348,10833,7047,27555
332,185,0,23639,443,15170,10417,10714,29704
333,218,0,22074,469,14874,10201,18368,32661
334,223,6,20900,608,14561,9889,23715,36901
335,295,8,21654,676,15032,10013,31611,39454
336,284,10,21595,788,14785,9799,38437,39620
337,238,12,19757,1293,13378,8693,38411,36872
338,280,10,18383,1464,12328,8300,41464,35840
339,274,7,19714,2470,12796,8852,52708,46295
340,310,11,18962,5838,12751,8978,99680,51274
341,306,13,16622,11246,11326,8305,96211,46135
342,333,11,14946,19208,10406,7709,91010,46337
343,379,15,13614,29073,9555,7060,80439,47952
344,409,15,12820,42045,9082,6945,73947,56433
345,418,24,12125,49809,8608,6470,67092,53090
346,428,15,11367,52196,8154,6120,61264,51007
347,428,21,10615,54674,7791,5940,55371,49133
348,452,8,9928,52314,7241,5596,51279,46210
349,643,25,9213,47829,6862,5279,48067,43332
350,667,27,8474,40065,6401,5015,44495,39277
351,796,38,7709,32936,5539,4763,41898,37932
352,858,37,7317,29552,5238,4378,40409,35221
353,977,57,6503,25269,5077,4069,37314,32107
354,1057,80,5580,24092,4726,3855,35574,28867
355,948,95,4765,22893,4075,3587,31462,26538
356,1035,108,4154,21062,3791,3340,27715,25363
357,1275,180,4067,19306,3535,3095,23633,26087
358,1650,218,3565,17083,2960,2804,19339,23551
359,2329,263,2948,16250,2667,2449,15560,20115
360,2663,386,2543,14007,2316,2153,13199,17746
361,2430,544,2134,12286,2084,1881,11368,15806
362,2817,643,2133,11186,1778,1857,10248,14957
363,3550,932,1967,9853,1802,1715,8734,13404
364,4133,1164,1763,8675,1626,1441,7379,11466
365,4181,1176,1366,6279,1277,1245,5746,9602
366,5627,1253,1323,4984,1175,1133,4735,8477
367,7476,1626,1130,4345,1100,1140,4085,8040
368,12653,1988,1021,3415,975,1057,3525,7056
369,15591,2292,908,2994,983,942,3141,6017
370,18280,2706,807,2677,934,992,2909,5907
371,20522,3484,715,2479,913,922,2936,5498
372,31927,4450,711,2181,889,879,2739,5651
373,35819,7296,658,1938,895,909,2805,5309
374,34373,8877,662,1905,787,896,2730,5285
375,34210,14851,635,1842,828,875,2787,5167
376,33754,33290,563,1605,759,844,2473,4922
377,33906,38759,503,1468,682,859,2334,4475
378,39050,47007,502,1401,719,809,2113,4398
379,40522,49674,407,1284,629,766,1951,4246
380,41786,54845,435,1203,614,815,1929,3913
381,39451,49963,395,1056,608,775,1844,3798
382,36827,47585,399,1076,620,857,1844,3606
383,34405,45553,406,1094,596,861,1658,3578
384,28887,43482,345,1014,498,773,1608,3418
385,25034,38452,296,919,508,827,1580,2951
386,20809,34847,292,797,476,868,1487,2660
387,18715,30278,275,740,442,848,1281,2363
388,16345,26603,234,660,376,837,1233,2160
389,13973,23676,217,633,350,900,987,1970
390,12239,20895,189,638,315,812,1095,1781
391,10908,19871,194,553,312,832,970,1704
392,9741,18132,182,524,335,841,898,1532
393,8550,17997,174,545,312,890,849,1392
394,6963,16524,153,489,317,884,837,1223
395,6132,15339,127,474,263,875,769,1113
396,5339,14512,142,421,291,783,739,1011
397,4677,14370,136,427,288,860,727,997
398,4088,13270,132,425,234,960,745,877
399,3355,12340,135,423,265,948,698,775
400,3038,11423,134,371,262,931,659,725
401,2439,9402,137,355,242,884,611,629
402,1952,7811,148,346,226,826,550,564
403,1655,6306,132,354,240,703,476,479
404,1409,5398,167,332,276,729,488,427
405,1228,4696,140,336,277,772,448,394
406,1064,3936,174,329,334,738,441,419
407,1048,3547,193,369,382,801,470,377
408,1013,3409,186,346,395,757,423,346
409,241,0,117,12,112,636,27,0
410,263,0,112,14,109,612,38,0
411,288,0,123,15,115,838,36,0
412,287,0,120,16,141,862,49,0
413,337,0,144,13,163,986,33,6
414,339,0,155,10,196,1134,60,5
415,370,0,167,10,230,1267,49,8
416,338,0,178,15,272,1405,50,10
417,404,0,214,26,373,1847,77,12
418,413,0,189,12,377,1909,74,17
419,392,0,216,24,458,2312,54,11
420,371,0,239,15,566,2417,78,12
421,455,0,255,16,626,2936,83,21
422,387,0,298,24,821,3249,82,28
423,418,0,298,18,1052,3676,94,36
424,431,0,350,13,1127,4023,96,35
425,367,0,342,18,1366,4392,104,37
426,354,0,367,23,1472,4519,81,49
427,371,0,421,21,1671,5230,102,47
428,326,0,410,11,1687,5048,98,56
429,377,0,664,26,2491,6343,126,89
430,317,0,474,21,2173,5247,86,68
431,301,0,580,21,2707,5967,91,85
432,247,0,596,21,3078,6129,90,79
433,294,0,707,23,3477,6488,101,124
434,311,0,807,18,3937,6811,106,121
435,260,0,865,25,4326,7176,98,157
436,285,0,1018,21,4967,7579,102,177
437,260,0,1128,25,5703,8439,93,205
438,271,0,1082,26,6253,9250,105,233
439,278,0,1389,33,7318,10479,137,316
440,280,0,1456,36,8869,11802,130,325
441,310,0,2011,32,12645,16133,189,504
442,346,0,2239,42,14674,18889,238,588
443,375,0,2933,62,18782,23221,219,656
444,412,0,4182,106,25154,30866,290,895
445,421,0,5136,90,27415,32661,297,1078
446,445,5,6639,89,28853,34249,291,1441
447,397,0,8802,92,32034,36150,322,1760
448,379,0,10107,70,31734,33705,282,2144
449,379,0,14017,82,36645,35098,349,2502
450,392,0,17637,94,39083,34819,367,3382
451,341,0,20893,71,37711,32507,365,3902
452,362,0,25990,118,39045,31492,423,4800
453,341,0,30602,125,39996,31193,454,6958
454,310,0,32817,82,38572,29168,438,8095
455,310,0,32959,116,36614,26884,479,8590
456,234,0,35422,91,35987,25316,516,10553
457,247,0,36078,130,33728,22936,554,12332
458,209,0,36669,161,31477,20983,509,13626
459,196,0,38239,165,30404,19914,493,15749
460,209,0,36102,158,26521,17657,534,16468
461,213,0,34411,208,24968,16375,774,17991
462,199,0,31526,243,22050,14645,786,18625
463,189,0,31078,280,21280,14099,1001,20847
464,211,0,28673,279,19400,12778,1197,22876
465,192,0,25863,299,17668,12232,2439,23912
466,176,0,25328,323,16571,11452,4380,26837
467,192,7,25502,410,16348,10833,7047,27555
468,185,0,23639,443,15170,10417,10714,29704
469,218,0,22074,469,14874,10201,18368,32661
470,223,6,20900,608,14561,9889,23715,36901
471,295,8,21654,676,15032,10013,31611,39454
472,284,10,21595,788,14785,9799,38437,39620
473,238,12,19757,1293,13378,8693,38411,36872
474,280,10,18383,1464,12328,8300,41464,35840
475,274,7,19714,2470,12796,8852,52708,46295
476,310,11,18962,5838,12751,8978,99680,51274
477,306,13,16622,11246,11326,8305,96211,46135
478,333,11,14946,19208,10406,7709,91010,46337
479,379,15,13614,29073,9555,7060,80439,47952
480,409,15,12820,42045,9082,6945,73947,56433
481,418,24,12125,49809,8608,6470,67092,53090
482,428,15,11367,52196,8154,6120,61264,51007
483,428,21,10615,54674,7791,5940,55371,49133
484,452,8,9928,52314,7241,5596,51279,46210
485,643,25,9213,47829,6862,5279,48067,43332
486,667,27,8474,40065,6401,5015,44495,39277
487,796,38,7709,32936,5539,4763,41898,37932
488,858,37,7317,29552,5238,4378,40409,35221
489,977,57,6503,25269,5077,4069,37314,32107
490,1057,80,5580,24092,4726,3855,35574,28867
491,948,95,4765,22893,4075,3587,31462,26538
492,1035,108,4154,21062,3791,3340,27715,25363
493,1275,180,4067,19306,3535,3095,23633,26087
494,1650,218,3565,17083,2960,2804,19339,23551
495,2329,263,2948,16250,2667,2449,15560,20115
496,2663,386,2543,14007,2316,2153,13199,17746
497,2430,544,2134,12286,2084,1881,11368,15806
498,2817,643,2133,11186,1778,1857,10248,14957
499,3550,932,1967,9853,1802,1715,8734,13404
500,4133,1164,1763,8675,1626,1441,7379,11466
501,4181,1176,1366,6279,1277,1245,5746,9602
502,5627,1253,1323,4984,1175,1133,4735,8477
503,7476,1626,1130,4345,1100,1140,4085,8040
504,12653,1988,1021,3415,975,1057,3525,7056
505,15591,2292,908,2994,983,942,3141,6017
506,18280,2706,807,2677,934,992,2909,5907
507,20522,3484,715,2479,913,922,2936,5498
508,31927,4450,711,2181,889,879,2739,5651
509,35819,7296,658,1938,895,909,2805,5309
510,34373,8877,662,1905,787,896,2730,5285
511,34210,14851,635,1842,828,875,2787,5167
512,33754,33290,563,1605,759,844,2473,4922
513,33906,38759,503,1468,682,859,2334,4475
514,39050,47007,502,1401,719,809,2113,4398
515,40522,49674,407,1284,629,766,1951,4246
516,41786,54845,435,1203,614,815,1929,3913
517,39451,49963,395,1056,608,775,1844,3798
518,36827,47585,399,1076,620,857,1844,3606
519,34405,45553,406,1094,596,861,1658,3578
520,28887,43482,345,1014,498,773,1608,3418
521,25034,38452,296,919,508,827,1580,2951
522,20809,34847,292,797,476,868,1487,2660
523,18715,30278,275,740,442,848,1281,2363
524,16345,26603,234,660,376,837,1233,2160
525,13973,23676,217,633,350,900,987,1970
526,12239,20895,189,638,315,812,1095,1781
527,10908,19871,194,553,312,832,970,1704
528,9741,18132,182,524,335,841,898,1532
529,8550,17997,174,545,312,890,849,1392
530,6963,16524,153,489,317,884,837,1223
531,6132,15339,127,474,263,875,769,1113
532,5339,14512,142,421,291,783,739,1011
533,4677,14370,136,427,288,860,727,997
534,4088,13270,132,425,234,960,745,877
535,3355,12340,135,423,265,948,698,775
536,3038,11423,134,371,262,931,659,725
537,2439,9402,137,355,242,884,611,629
538,1952,7811,148,346,226,826,550,564
539,1655,6306,132,354,240,703,476,479
540,1409,5398,167,332,276,729,488,427
541,1228,4696,140,336,277,772,448,394
542,1064,3936,174,329,334,738,441,419
543,1048,3547,193,369,382,801,470,377
544,1013,3409,186,346,395,757,423,346
545,241,0,117,12,112,636,27,0
546,263,0,112,14,109,612,38,0
547,288,0,123,15,115,838,36,0
548,287,0,120,16,141,862,49,0
549,337,0,144,13,163,986,33,6
550,339,0,155,10,196,1134,60,5
551,370,0,167,10,230,1267,49,8
552,338,0,178,15,272,1405,50,10
553,404,0,214,26,373,1847,77,12
554,413,0,189,12,377,1909,74,17
555,392,0,216,24,458,2312,54,11
556,371,0,239,15,566,2417,78,12
557,455,0,255,16,626,2936,83,21
558,387,0,298,24,821,3249,82,28
559,418,0,298,18,1052,3676,94,36
560,431,0,350,13,1127,4023,96,35
561,367,0,342,18,1366,4392,104,37
562,354,0,367,23,1472,4519,81,49
563,371,0,421,21,1671,5230,102,47
564,326,0,410,11,1687,5048,98,56
565,377,0,664,26,2491,6343,126,89
566,317,0,474,21,2173,5247,86,68
567,301,0,580,21,2707,5967,91,85
568,247,0,596,21,3078,6129,90,79
569,294,0,707,23,3477,6488,101,124
570,311,0,807,18,3937,6811,106,121
571,260,0,865,25,4326,7176,98,157
572,285,0,1018,21,4967,7579,102,177
573,260,0,1128,25,5703,8439,93,205
574,271,0,1082,26,6253,9250,105,233
575,278,0,1389,33,7318,10479,137,316
576,280,0,1456,36,8869,11802,130,325
577,310,0,2011,32,12645,16133,189,504
578,346,0,2239,42,14674,18889,238,588
579,375,0,2933,62,18782,23221,219,656
580,412,0,4182,106,25154,30866,290,895
581,421,0,5136,90,27415,32661,297,1078
582,445,5,6639,89,28853,34249,291,1441
583,397,0,8802,92,32034,36150,322,1760
584,379,0,10107,70,31734,33705,282,2144
585,379,0,14017,82,36645,35098,349,2502
586,392,0,17637,94,39083,34819,367,3382
587,341,0,20893,71,37711,32507,365,3902
588,362,0,25990,118,39045,31492,423,4800
589,341,0,30602,125,39996,31193,454,6958
590,310,0,32817,82,38572,29168,438,8095
591,310,0,32959,116,36614,26884,479,8590
592,234,0,35422,91,35987,25316,516,10553
593,247,0,36078,130,33728,22936,554,12332
594,209,0,36669,161,31477,20983,509,13626
595,196,0,38239,165,30404,19914,493,15749
596,209,0,36102,158,26521,17657,534,16468
597,213,0,34411,208,24968,16375,774,17991
598,199,0,31526,243,22050,14645,786,18625
599,189,0,31078,280,21280,14099,1001,20847
600,211,0,28673,279,19400,12778,1197,22876
601,192,0,25863,299,17668,12232,2439,23912
602,176,0,25328,323,16571,11452,4380,26837
603,192,7,25502,410,16348,10833,7047,27555
604,185,0,23639,443,15170,10417,10714,29704
605,218,0,22074,469,14874,10201,18368,32661
606,223,6,20900,608,14561,9889,23715,36901
607,295,8,21654,676,15032,10013,31611,39454
608,284,10,21595,788,14785,9799,38437,39620
609,238,12,19757,1293,13378,8693,38411,36872
610,280,10,18383,1464,12328,8300,41464,35840
611,274,7,19714,2470,12796,8852,52708,46295
612,310,11,18962,5838,12751,8978,99680,51274
613,306,13,16622,11246,11326,8305,96211,46135
614,333,11,14946,19208,10406,7709,91010,46337
615,379,15,13614,29073,9555,7060,80439,47952
616,409,15,12820,42045,9082,6945,73947,56433
617,418,24,12125,49809,8608,6470,67092,53090
618,428,15,11367,52196,8154,6120,61264,51007
619,428,21,10615,54674,7791,5940,55371,49133
620,452,8,9928,52314,7241,5596,51279,46210
621,643,25,9213,47829,6862,5279,48067,43332
622,667,27,8474,40065,6401,5015,44495,39277
623,796,38,7709,32936,5539,4763,41898,37932
624,858,37,7317,29552,5238,4378,40409,35221
625,977,57,6503,25269,5077,4069,37314,32107
626,1057,80,5580,24092,4726,3855,35574,28867
627,948,95,4765,22893,4075,3587,31462,26538
628,1035,108,4154,21062,3791,3340,27715,25363
629,1275,180,4067,19306,3535,3095,23633,26087
630,1650,218,3565,17083,2960,2804,19339,23551
631,2329,263,2948,16250,2667,2449,15560,20115
632,2663,386,2543,14007,2316,2153,13199,17746
633,2430,544,2134,12286,2084,1881,11368,15806
634,2817,643,2133,11186,1778,1857,10248,14957
635,3550,932,1967,9853,1802,1715,8734,13404
636,4133,1164,1763,8675,1626,1441,7379,11466
637,4181,1176,1366,6279,1277,1245,5746,9602
638,5627,1253,1323,4984,1175,1133,4735,8477
639,7476,1626,1130,4345,1100,1140,4085,8040
640,12653,1988,1021,3415,975,1057,3525,7056
641,15591,2292,908,2994,983,942,3141,6017
642,18280,2706,807,2677,934,992,2909,5907
643,20522,3484,715,2479,913,922,2936,5498
644,31927,4450,711,2181,889,879,2739,5651
645,35819,7296,658,1938,895,909,2805,5309
646,34373,8877,662,1905,787,896,2730,5285
647,34210,14851,635,1842,828,875,2787,5167
648,33754,33290,563,1605,759,844,2473,4922
649,33906,38759,503,1468,682,859,2334,4475
650,39050,47007,502,1401,719,809,2113,4398
651,40522,49674,407,1284,629,766,1951,4246
652,41786,54845,435,1203,614,815,1929,3913
653,39451,49963,395,1056,608,775,1844,3798
654,36827,47585,399,1076,620,857,1844,3606
655,34405,45553,406,1094,596,861,1658,3578
656,28887,43482,345,1014,498,773,1608,3418
657,25034,38452,296,919,508,827,1580,2951
658,20809,34847,292,797,476,868,1487,2660
659,18715,30278,275,740,442,848,1281,2363
660,16345,26603,234,660,376,837,1233,2160
661,13973,23676,217,633,350,900,987,1970
662,12239,20895,189,638,315,812,1095,1781
663,10908,19871,194,553,312,832,970,1704
664,9741,18132,182,524,335,841,898,1532
665,8550,17997,174,545,312,890,849,1392
666,6963,16524,153,489,317,884,837,1223
667,6132,15339,127,474,263,875,769,1113
668,5339,14512,142,421,291,783,739,1011
669,4677,14370,136,427,288,860,727,997
670,4088,13270,132,425,234,960,745,877
671,3355,12340,135,423,265,948,698,775
672,3038,11423,134,371,262,931,659,725
673,2439,9402,137,355,242,884,611,629
674,1952,7811,148,346,226,826,550,564
675,1655,6306,132,354,240,703,476,479
676,1409,5398,167,332,276,729,488,427
677,1228,4696,140,336,277,772,448,394
678,1064,3936,174,329,334,738,441,419
679,1048,3547,193,369,382,801,470,377
680,1013,3409,186,346,395,757,423,346
681,241,0,117,12,112,636,27,0
682,263,0,112,14,109,612,38,0
683,288,0,123,15,115,838,36,0
684,287,0,120,16,141,862,49,0
685,337,0,144,13,163,986,33,6
686,339,0,155,10,196,1134,60,5
687,370,0,167,10,230,1267,49,8
688,338,0,178,15,272,1405,50,10
689,404,0,214,26,373,1847,77,12
690,413,0,189,12,377,1909,74,17
691,392,0,216,24,458,2312,54,11
692,371,0,239,15,566,2417,78,12
693,455,0,255,16,626,2936,83,21
694,387,0,298,24,821,3249,82,28
695,418,0,298,18,1052,3676,94,36
696,431,0,350,13,1127,4023,96,35
697,367,0,342,18,1366,4392,104,37
698,354,0,367,23,1472,4519,81,49
699,371,0,421,21,1671,5230,102,47
700,326,0,410,11,1687,5048,98,56
701,377,0,664,26,2491,6343,126,89
702,317,0,474,21,2173,5247,86,68
703,301,0,580,21,2707,5967,91,85
704,247,0,596,21,3078,6129,90,79
705,294,0,707,23,3477,6488,101,124
706,311,0,807,18,3937,6811,106,121
707,260,0,865,25,4326,7176,98,157
708,285,0,1018,21,4967,7579,102,177
709,260,0,1128,25,5703,8439,93,205
710,271,0,1082,26,6253,9250,105,233
711,278,0,1389,33,7318,10479,137,316
712,280,0,1456,36,8869,11802,130,325
713,310,0,2011,32,12645,16133,189,504
714,346,0,2239,42,14674,18889,238,588
715,375,0,2933,62,18782,23221,219,656
716,412,0,4182,106,25154,30866,290,895
717,421,0,5136,90,27415,32661,297,1078
718,445,5,6639,89,28853,34249,291,1441
719,397,0,8802,92,32034,36150,322,1760
720,379,0,10107,70,31734,33705,282,2144
721,379,0,14017,82,36645,35098,349,2502
722,392,0,17637,94,39083,34819,367,3382
723,341,0,20893,71,37711,32507,365,3902
724,362,0,25990,118,39045,31492,423,4800
725,341,0,30602,125,39996,31193,454,6958
726,310,0,32817,82,38572,29168,438,8095
727,310,0,32959,116,36614,26884,479,8590
728,234,0,35422,91,35987,25316,516,10553
729,247,0,36078,130,33728,22936,554,12332
730,209,0,36669,161,31477,20983,509,13626
731,196,0,38239,165,30404,19914,493,15749
732,209,0,36102,158,26521,17657,534,16468
733,213,0,34411,208,24968,16375,774,17991
734,199,0,31526,243,22050,14645,786,18625
735,189,0,31078,280,21280,14099,1001,20847
736,211,0,28673,279,19400,12778,1197,22876
737,192,0,25863,299,17668,12232,2439,23912
738,176,0,25328,323,16571,11452,4380,26837
739,192,7,25502,410,16348,10833,7047,27555
740,185,0,23639,443,15170,10417,10714,29704
741,218,0,22074,469,14874,10201,18368,32661
742,223,6,20900,608,14561,9889,23715,36901
743,295,8,21654,676,15032,10013,31611,39454
744,284,10,21595,788,14785,9799,38437,39620
745,238,12,19757,1293,13378,8693,38411,36872
746,280,10,18383,1464,12328,8300,41464,35840
747,274,7,19714,2470,12796,8852,52708,46295
748,310,11,18962,5838,12751,8978,99680,51274
749,306,13,16622,11246,11326,8305,96211,46135
750,333,11,14946,19208,10406,7709,91010,46337
751,379,15,13614,29073,9555,7060,80439,47952
752,409,15,12820,42045,9082,6945,73947,56433
753,418,24,12125,49809,8608,6470,67092,53090
754,428,15,11367,52196,8154,6120,61264,51007
755,428,21,10615,54674,7791,5940,55371,49133
756,452,8,9928,52314,7241,5596,51279,46210
757,643,25,9213,47829,6862,5279,48067,43332
758,667,27,8474,40065,6401,5015,44495,39277
759,796,38,7709,32936,5539,4763,41898,37932
760,858,37,7317,29552,5238,4378,40409,35221
761,977,57,6503,25269,5077,4069,37314,32107
762,1057,80,5580,24092,4726,3855,35574,28867
763,948,95,4765,22893,4075,3587,31462,26538
764,1035,108,4154,21062,3791,3340,27715,25363
765,1275,180,4067,19306,3535,3095,23633,26087
766,1650,218,3565,17083,2960,2804,19339,23551
767,2329,263,2948,16250,2667,2449,15560,20115
768,2663,386,2543,14007,2316,2153,13199,17746
769,2430,544,2134,12286,2084,1881,11368,15806
770,2817,643,2133,11186,1778,1857,10248,14957
771,3550,932,1967,9853,1802,1715,8734,13404
772,4133,1164,1763,8675,1626,1441,7379,11466
773,4181,1176,1366,6279,1277,1245,5746,9602
774,5627,1253,1323,4984,1175,1133,4735,8477
775,7476,1626,1130,4345,1100,1140,4085,8040
776,12653,1988,1021,3415,975,1057,3525,7056
777,15591,2292,908,2994,983,942,3141,6017
778,18280,2706,807,2677,934,992,2909,5907
779,20522,3484,715,2479,913,922,2936,5498
780,31927,4450,711,2181,889,879,2739,5651
781,35819,7296,658,1938,895,909,2805,5309
782,34373,8877,662,1905,787,896,2730,5285
783,34210,14851,635,1842,828,875,2787,5167
784,33754,33290,563,1605,759,844,2473,4922
785,33906,38759,503,1468,682,859,2334,4475
786,39050,47007,502,1401,719,809,2113,4398
787,40522,49674,407,1284,629,766,1951,4246
788,41786,54845,435,1203,614,815,1929,3913
789,39451,49963,395,1056,608,775,1844,3798
790,36827,47585,399,1076,620,857,1844,3606
791,34405,45553,406,1094,596,861,1658,3578
792,28887,43482,345,1014,498,773,1608,3418
793,25034,38452,296,919,508,827,1580,2951
794,20809,34847,292,797,476,868,1487,2660
795,18715,30278,275,740,442,848,1281,2363
796,16345,26603,234,660,376,837,1233,2160
797,13973,23676,217,633,350,900,987,1970
798,12239,20895,189,638,315,812,1095,1781
799,10908,19871,194,553,312,832,970,1704
800,9741,18132,182,524,335,841,898,1532
801,8550,17997,174,545,312,890,849,1392
802,6963,16524,153,489,317,884,837,1223
803,6132,15339,127,474,263,875,769,1113
804,5339,14512,142,421,291,783,739,1011
805,4677,14370,136,427,288,860,727,997
806,4088,13270,132,425,234,960,745,877
807,3355,12340,135,423,265,948,698,775
808,3038,11423,134,371,262,931,659,725
809,2439,9402,137,355,242,884,611,629
810,1952,7811,148,346,226,826,550,564
811,1655,6306,132,354,240,703,476,479
812,1409,5398,167,332,276,729,488,427
813,1228,4696,140,336,277,772,448,394
814,1064,3936,174,329,334,738,441,419
815,1048,3547,193,369,382,801,470,377
816,1013,3409,186,346,395,757,423,346
817,241,0,117,12,112,636,27,0
818,263,0,112,14,109,612,38,0
819,288,0,123,15,115,838,36,0
820,287,0,120,16,141,862,49,0
821,337,0,144,13,163,986,33,6
822,339,0,155,10,196,1134,60,5
823,370,0,167,10,230,1267,49,8
824,338,0,178,15,272,1405,50,10
825,404,0,214,26,373,1847,77,12
826,413,0,189,12,377,1909,74,17
827,392,0,216,24,458,2312,54,11
828,371,0,239,15,566,2417,78,12
829,455,0,255,16,626,2936,83,21
830,387,0,298,24,821,3249,82,28
831,418,0,298,18,1052,3676,94,36
832,431,0,350,13,1127,4023,96,35
833,367,0,342,18,1366,4392,104,37
834,354,0,367,23,1472,4519,81,49
835,371,0,421,21,1671,5230,102,47
836,326,0,410,11,1687,5048,98,56
837,377,0,664,26,2491,6343,126,89
838,317,0,474,21,2173,5247,86,68
839,301,0,580,21,2707,5967,91,85
840,247,0,596,21,3078,6129,90,79
841,294,0,707,23,3477,6488,101,124
842,311,0,807,18,3937,6811,106,121
843,260,0,865,25,4326,7176,98,157
844,285,0,1018,21,4967,7579,102,177
845,260,0,1128,25,5703,8439,93,205
846,271,0,1082,26,6253,9250,105,233
847,278,0,1389,33,7318,10479,137,316
848,280,0,1456,36,8869,11802,130,325
849,310,0,2011,32,12645,16133,189,504
850,346,0,2239,42,14674,18889,238,588
851,375,0,2933,62,18782,23221,219,656
852,412,0,4182,106,25154,30866,290,895
853,421,0,5136,90,27415,32661,297,1078
854,445,5,6639,89,28853,34249,291,1441
855,397,0,8802,92,32034,36150,322,1760
856,379,0,10107,70,31734,33705,282,2144
857,379,0,14017,82,36645,35098,349,2502
858,392,0,17637,94,39083,34819,367,3382
859,341,0,20893,71,37711,32507,365,3902
860,362,0,25990,118,39045,31492,423,4800
861,341,0,30602,125,39996,31193,454,6958
862,310,0,32817,82,38572,29168,438,8095
863,310,0,32959,116,36614,26884,479,8590
864,234,0,35422,91,35987,25316,516,10553
865,247,0,36078,130,33728,22936,554,12332
866,209,0,36669,161,31477,20983,509,13626
867,196,0,38239,165,30404,19914,493,15749
868,209,0,36102,158,26521,17657,534,16468
869,213,0,34411,208,24968,16375,774,17991
870,199,0,31526,243,22050,14645,786,18625
871,189,0,31078,280,21280,14099,1001,20847
872,211,0,28673,279,19400,12778,1197,22876
873,192,0,25863,299,17668,12232,2439,23912
874,176,0,25328,323,16571,11452,4380,26837
875,192,7,25502,410,16348,10833,7047,27555
876,185,0,23639,443,15170,10417,10714,29704
877,218,0,22074,469,14874,10201,18368,32661
878,223,6,20900,608,14561,9889,23715,36901
879,295,8,21654,676,15032,10013,31611,39454
880,284,10,21595,788,14785,9799,38437,39620
881,238,12,19757,1293,13378,8693,38411,36872
882,280,10,18383,1464,12328,8300,41464,35840
883,274,7,19714,2470,12796,8852,52708,46295
884,310,11,18962,5838,12751,8978,99680,51274
885,306,13,16622,11246,11326,8305,96211,46135
886,333,11,14946,19208,10406,7709,91010,46337
887,379,15,13614,29073,9555,7060,80439,47952
888,409,15,12820,42045,9082,6945,73947,56433
889,418,24,12125,49809,8608,6470,67092,53090
890,428,15,11367,52196,8154,6120,61264,51007
891,428,21,10615,54674,7791,5940,55371,49133
892,452,8,9928,52314,7241,5596,51279,46210
893,643,25,9213,47829,6862,5279,48067,43332
894,667,27,8474,40065,6401,5015,44495,39277
895,796,38,7709,32936,5539,4763,41898,37932
896,858,37,7317,29552,5238,4378,40409,35221
897,977,57,6503,25269,5077,4069,37314,32107
898,1057,80,5580,24092,4726,3855,35574,28867
899,948,95,4765,22893,4075,3587,31462,26538
900,1035,108,4154,21062,3791,3340,27715,25363
901,1275,180,4067,19306,3535,3095,23633,26087
902,1650,218,3565,17083,2960,2804,19339,23551
903,2329,263,2948,16250,2667,2449,15560,20115
904,2663,386,2543,14007,2316,2153,13199,17746
905,2430,544,2134,12286,2084,1881,11368,15806
906,2817,643,2133,11186,1778,1857,10248,14957
907,3550,932,1967,9853,1802,1715,8734,13404
908,4133,1164,1763,8675,1626,1441,7379,11466
909,4181,1176,1366,6279,1277,1245,5746,9602
910,5627,1253,1323,4984,1175,1133,4735,8477
911,7476,1626,1130,4345,1100,1140,4085,8040
912,12653,1988,1021,3415,975,1057,3525,7056
913,15591,2292,908,2994,983,942,3141,6017
914,18280,2706,807,2677,934,992,2909,5907
915,20522,3484,715,2479,913,922,2936,5498
916,31927,4450,711,2181,889,879,2739,5651
917,35819,7296,658,1938,895,909,2805,5309
918,34373,8877,662,1905,787,896,2730,5285
919,34210,14851,635,1842,828,875,2787,5167
920,33754,33290,563,1605,759,844,2473,4922
921,33906,38759,503,1468,682,859,2334,4475
922,39050,47007,502,1401,719,809,2113,4398
923,40522,49674,407,1284,629,766,1951,4246
924,41786,54845,435,1203,614,815,1929,3913
925,39451,49963,395,1056,608,775,1844,3798
926,36827,47585,399,1076,620,857,1844,3606
927,34405,45553,406,1094,596,861,1658,3578
928,28887,43482,345,1014,498,773,1608,3418
929,25034,38452,296,919,508,827,1580,2951
930,20809,34847,292,797,476,868,1487,2660
931,18715,30278,275,740,442,848,1281,2363
932,16345,26603,234,660,376,837,1233,2160
933,13973,23676,217,633,350,900,987,1970
934,12239,20895,189,638,315,812,1095,1781
935,10908,19871,194,553,312,832,970,1704
936,9741,18132,182,524,335,841,898,1532
937,8550,17997,174,545,312,890,849,1392
938,6963,16524,153,489,317,884,837,1223
939,6132,15339,127,474,263,875,769,1113
940,5339,14512,142,421,291,783,739,1011
941,4677,14370,136,427,288,860,727,997
942,4088,13270,132,425,234,960,745,877
943,3355,12340,135,423,265,948,698,775
944,3038,11423,134,371,262,931,659,725
945,2439,9402,137,355,242,884,611,629
946,1952,7811,148,346,226,826,550,564
947,1655,6306,132,354,240,703,476,479
948,1409,5398,167,332,276,729,488,427
949,1228,4696,140,336,277,772,448,394
950,1064,3936,174,329,334,738,441,419
951,1048,3547,193,369,382,801,470,377
952,1013,3409,186,346,395,757,423,346
953,241,0,117,12,112,636,27,0
954,263,0,112,14,109,612,38,0
955,288,0,123,15,115,838,36,0
956,287,0,120,16,141,862,49,0
957,337,0,144,13,163,986,33,6
958,339,0,155,10,196,1134,60,5
959,370,0,167,10,230,1267,49,8
960,338,0,178,15,272,1405,50,10
961,404,0,214,26,373,1847,77,12
962,413,0,189,12,377,1909,74,17
963,392,0,216,24,458,2312,54,11
964,371,0,239,15,566,2417,78,12
965,455,0,255,16,626,2936,83,21
966,387,0,298,24,821,3249,82,28
967,418,0,298,18,1052,3676,94,36
968,431,0,350,13,1127,4023,96,35
969,367,0,342,18,1366,4392,104,37
970,354,0,367,23,1472,4519,81,49
971,371,0,421,21,1671,5230,102,47
972,326,0,410,11,1687,5048,98,56
973,377,0,664,26,2491,6343,126,89
974,317,0,474,21,2173,5247,86,68
975,301,0,580,21,2707,5967,91,85
976,247,0,596,21,3078,6129,90,79
977,294,0,707,23,3477,6488,101,124
978,311,0,807,18,3937,6811,106,121
979,260,0,865,25,4326,7176,98,157
980,285,0,1018,21,4967,7579,102,177
981,260,0,1128,25,5703,8439,93,205
982,271,0,1082,26,6253,9250,105,233
983,278,0,1389,33,7318,10479,137,316
984,280,0,1456,36,8869,11802,130,325
985,310,0,2011,32,12645,16133,189,504
986,346,0,2239,42,14674,18889,238,588
987,375,0,2933,62,18782,23221,219,656
988,412,0,4182,106,25154,30866,290,895
989,421,0,5136,90,27415,32661,297,1078
990,445,5,6639,89,28853,34249,291,1441
991,397,0,8802,92,32034,36150,322,1760
992,379,0,10107,70,31734,33705,282,2144
993,379,0,14017,82,36645,35098,349,2502
994,392,0,17637,94,39083,34819,367,3382
995,341,0,20893,71,37711,32507,365,3902
996,362,0,25990,118,39045,31492,423,4800
997,341,0,30602,125,39996,31193,454,6958
998,310,0,32817,82,38572,29168,438,8095
999,310,0,32959,116,36614,26884,479,8590
1000,234,0,35422,91,35987,25316,516,10553
1001,247,0,36078,130,33728,22936,554,12332
1002,209,0,36669,161,31477,20983,509,13626
1003,196,0,38239,165,30404,19914,493,15749
1004,209,0,36102,158,26521,17657,534,16468
1005,213,0,34411,208,24968,16375,774,17991
1006,199,0,31526,243,22050,14645,786,18625
1007,189,0,31078,280,21280,14099,1001,20847
1008,211,0,28673,279,19400,12778,1197,22876
1009,192,0,25863,299,17668,12232,2439,23912
1010,176,0,25328,323,16571,11452,4380,26837
1011,192,7,25502,410,16348,10833,7047,27555
1012,185,0,23639,443,15170,10417,10714,29704
1013,218,0,22074,469,14874,10201,18368,32661
1014,223,6,20900,608,14561,9889,23715,36901
1015,295,8,21654,676,15032,10013,31611,39454
1016,284,10,21595,788,14785,9799,38437,39620
1017,238,12,19757,1293,13378,8693,38411,36872
1018,280,10,18383,1464,12328,8300,41464,35840
1019,274,7,19714,2470,12796,8852,52708,46295
1020,310,11,18962,5838,12751,8978,99680,51274
1021,306,13,16622,11246,11326,8305,96211,46135
1022,333,11,14946,19208,10406,7709,91010,46337
1023,379,15,13614,29073,9555,7060,80439,47952
1024,409,15,12820,42045,9082,6945,73947,56433
1025,418,24,12125,49809,8608,6470,67092,53090
1026,428,15,11367,52196,8154,6120,61264,51007
1027,428,21,10615,54674,7791,5940,55371,49133
1028,452,8,9928,52314,7241,5596,51279,46210
1029,643,25,9213,47829,6862,5279,48067,43332
1030,667,27,8474,40065,6401,5015,44495,39277
1031,796,38,7709,32936,5539,4763,41898,37932
1032,858,37,7317,29552,5238,4378,40409,35221
1033,977,57,6503,25269,5077,4069,37314,32107
1034,1057,80,5580,24092,4726,3855,35574,28867
1035,948,95,4765,22893,4075,3587,31462,26538
1036,1035,108,4154,21062,3791,3340,27715,25363
1037,1275,180,4067,19306,3535,3095,23633,26087
1038,1650,218,3565,17083,2960,2804,19339,23551
1039,2329,263,2948,16250,2667,2449,15560,20115
1040,2663,386,2543,14007,2316,2153,13199,17746
1041,2430,544,2134,12286,2084,1881,11368,15806
1042,2817,643,2133,11186,1778,1857,10248,14957
1043,3550,932,1967,9853,1802,1715,8734,13404
1044,4133,1164,1763,8675,1626,1441,7379,11466
1045,4181,1176,1366,6279,1277,1245,5746,9602
1046,5627,1253,1323,4984,1175,1133,4735,8477
1047,7476,1626,1130,4345,1100,1140,4085,8040
1048,12653,1988,1021,3415,975,1057,3525,7056
1049,15591,2292,908,2994,983,942,3141,6017
1050,18280,2706,807,2677,934,992,2909,5907
1051,20522,3484,715,2479,913,922,2936,5498
1052,31927,4450,711,2181,889,879,2739,5651
1053,35819,7296,658,1938,895,909,2805,5309
1054,34373,8877,662,1905,787,896,2730,5285
1055,34210,14851,635,1842,828,875,2787,5167
1056,33754,33290,563,1605,759,844,2473,4922
1057,33906,38759,503,1468,682,859,2334,4475
1058,39050,47007,502,1401,719,809,2113,4398
1059,40522,49674,407,1284,629,766,1951,4246
1060,41786,54845,435,1203,614,815,1929,3913
1061,39451,49963,395,1056,608,775,1844,3798
1062,36827,47585,399,1076,620,857,1844,3606
1063,34405,45553,406,1094,596,861,1658,3578
1064,28887,43482,345,1014,498,773,1608,3418
1065,25034,38452,296,919,508,827,1580,2951
1066,20809,34847,292,797,476,868,1487,2660
1067,18715,30278,275,740,442,848,1281,2363
1068,16345,26603,234,660,376,837,1233,2160
1069,13973,23676,217,633,350,900,987,1970
1070,12239,20895,189,638,315,812,1095,1781
1071,10908,19871,194,553,312,832,970,1704
1072,9741,18132,182,524,335,841,898,1532
1073,8550,17997,174,545,312,890,849,1392
1074,6963,16524,153,489,317,884,837,1223
1075,6132,15339,127,474,263,875,769,1113
1076,5339,14512,142,421,291,783,739,1011
1077,4677,14370,136,427,288,860,727,997
1078,4088,13270,132,425,234,960,745,877
1079,3355,12340,135,423,265,948,698,775
1080,3038,11423,134,371,262,931,659,725
1081,2439,9402,137,355,242,884,611,629
1082,1952,7811,148,346,226,826,550,564
1083,1655,6306,132,354,240,703,476,479
1084,1409,5398,167,332,276,729,488,427
1085,1228,4696,140,336,277,772,448,394
1086,1064,3936,174,329,334,738,441,419
1087,1048,3547,193,369,382,801,470,377
1088,1013,3409,186,346,395,757,423,346
1089,241,0,117,12,112,636,27,0
1090,263,0,112,14,109,612,38,0
1091,288,0,123,15,115,838,36,0
1092,287,0,120,16,141,862,49,0
1093,337,0,144,13,163,986,33,6
1094,339,0,155,10,196,1134,60,5
1095,370,0,167,10,230,1267,49,8
1096,338,0,178,15,272,1405,50,10
1097,404,0,214,26,373,1847,77,12
1098,413,0,189,12,377,1909,74,17
1099,392,0,216,24,458,2312,54,11
1100,371,0,239,15,566,2417,78,12
1101,455,0,255,16,626,2936,83,21
1102,387,0,298,24,821,3249,82,28
1103,418,0,298,18,1052,3676,94,36
1104,431,0,350,13,1127,4023,96,35
1105,367,0,342,18,1366,4392,104,37
1106,354,0,367,23,1472,4519,81,49
1107,371,0,421,21,1671,5230,102,47
1108,326,0,410,11,1687,5048,98,56
1109,377,0,664,26,2491,6343,126,89
1110,317,0,474,21,2173,5247,86,68
1111,301,0,580,21,2707,5967,91,85
1112,247,0,596,21,3078,6129,90,79
1113,294,0,707,23,3477,6488,101,124
1114,311,0,807,18,3937,6811,106,121
1115,260,0,865,25,4326,7176,98,157
1116,285,0,1018,21,4967,7579,102,177
1117,260,0,1128,25,5703,8439,93,205
1118,271,0,1082,26,6253,9250,105,233
1119,278,0,1389,33,7318,10479,137,316
1120,280,0,1456,36,8869,11802,130,325
1121,310,0,2011,32,12645,16133,189,504
1122,346,0,2239,42,14674,18889,238,588
1123,375,0,2933,62,18782,23221,219,656
1124,412,0,4182,106,25154,30866,290,895
1125,421,0,5136,90,27415,32661,297,1078
1126,445,5,6639,89,28853,34249,291,1441
1127,397,0,8802,92,32034,36150,322,1760
1128,379,0,10107,70,31734,33705,282,2144
1129,379,0,14017,82,36645,35098,349,2502
1130,392,0,17637,94,39083,34819,367,3382
1131,341,0,20893,71,37711,32507,365,3902
1132,362,0,25990,118,39045,31492,423,4800
1133,341,0,30602,125,39996,31193,454,6958
1134,310,0,32817,82,38572,29168,438,8095
1135,310,0,32959,116,36614,26884,479,8590
1136,234,0,35422,91,35987,25316,516,10553
1137,247,0,36078,130,33728,22936,554,12332
1138,209,0,36669,161,31477,20983,509,13626
1139,196,0,38239,165,30404,19914,493,15749
1140,209,0,36102,158,26521,17657,534,16468
1141,213,0,34411,208,24968,16375,774,17991
1142,199,0,31526,243,22050,14645,786,18625
1143,189,0,31078,280,21280,14099,1001,20847
1144,211,0,28673,279,19400,12778,1197,22876
1145,192,0,25863,299,17668,12232,2439,23912
1146,176,0,25328,323,16571,11452,4380,26837
1147,192,7,25502,410,16348,10833,7047,27555
1148,185,0,23639,443,15170,10417,10714,29704
1149,218,0,22074,469,14874,10201,18368,32661
1150,223,6,20900,608,14561,9889,23715,36901
1151,295,8,21654,676,15032,10013,31611,39454
1152,284,10,21595,788,14785,9799,38437,39620
1153,238,12,19757,1293,13378,8693,38411,36872
1154,280,10,18383,1464,12328,8300,41464,35840
1155,274,7,19714,2470,12796,8852,52708,46295
1156,310,11,18962,5838,12751,8978,99680,51274
1157,306,13,16622,11246,11326,8305,96211,46135
1158,333,11,14946,19208,10406,7709,91010,46337
1159,379,15,13614,29073,9555,7060,80439,47952
1160,409,15,12820,42045,9082,6945,73947,56433
1161,418,24,12125,49809,8608,6470,67092,53090
1162,428,15,11367,52196,8154,6120,61264,51007
1163,428,21,10615,54674,7791,5940,55371,49133
1164,452,8,9928,52314,7241,5596,51279,46210
1165,643,25,9213,47829,6862,5279,48067,43332
1166,667,27,8474,40065,6401,5015,44495,39277
1167,796,38,7709,32936,5539,4763,41898,37932
1168,858,37,7317,29552,5238,4378,40409,35221
1169,977,57,6503,25269,5077,4069,37314,32107
1170,1057,80,5580,24092,4726,3855,35574,28867
1171,948,95,4765,22893,4075,3587,31462,26538
1172,1035,108,4154,21062,3791,3340,27715,25363
1173,1275,180,4067,19306,3535,3095,23633,26087
1174,1650,218,3565,17083,2960,2804,19339,23551
1175,2329,263,2948,16250,2667,2449,15560,20115
1176,2663,386,2543,14007,2316,2153,13199,17746
1177,2430,544,2134,12286,2084,1881,11368,15806
1178,2817,643,2133,11186,1778,1857,10248,14957
1179,3550,932,1967,9853,1802,1715,8734,13404
1180,4133,1164,1763,8675,1626,1441,7379,11466
1181,4181,1176,1366,6279,1277,1245,5746,9602
1182,5627,1253,1323,4984,1175,1133,4735,8477
1183,7476,1626,1130,4345,1100,1140,4085,8040
1184,12653,1988,1021,3415,975,1057,3525,7056
1185,15591,2292,908,2994,983,942,3141,6017
1186,18280,2706,807,2677,934,992,2909,5907
1187,20522,3484,715,2479,913,922,2936,5498
1188,31927,4450,711,2181,889,879,2739,5651
1189,35819,7296,658,1938,895,909,2805,5309
1190,34373,8877,662,1905,787,896,2730,5285
1191,34210,14851,635,1842,828,875,2787,5167
1192,33754,33290,563,1605,759,844,2473,4922
1193,33906,38759,503,1468,682,859,2334,4475
1194,39050,47007,502,1401,719,809,2113,4398
1195,40522,49674,407,1284,629,766,1951,4246
1196,41786,54845,435,1203,614,815,1929,3913
1197,39451,49963,395,1056,608,775,1844,3798
1198,36827,47585,399,1076,620,857,1844,3606
1199,34405,45553,406,1094,596,861,1658,3578
1200,28887,43482,345,1014,498,773,1608,3418
1201,25034,38452,296,919,508,827,1580,2951
1202,20809,34847,292,797,476,868,1487,2660
1203,18715,30278,275,740,442,848,1281,2363
1204,16345,26603,234,660,376,837,1233,2160
1205,13973,23676,217,633,350,900,987,1970
1206,12239,20895,189,638,315,812,1095,1781
1207,10908,19871,194,553,312,832,970,1704
1208,9741,18132,182,524,335,841,898,1532
1209,8550,17997,174,545,312,890,849,1392
1210,6963,16524,153,489,317,884,837,1223
1211,6132,15339,127,474,263,875,769,1113
1212,5339,14512,142,421,291,783,739,1011
1213,4677,14370,136,427,288,860,727,997
1214,4088,13270,132,425,234,960,745,877
1215,3355,12340,135,423,265,948,698,775
1216,3038,11423,134,371,262,931,659,725
1217,2439,9402,137,355,242,884,611,629
1218,1952,7811,148,346,226,826,550,564
1219,1655,6306,132,354,240,703,476,479
1220,1409,5398,167,332,276,729,488,427
1221,1228,4696,140,336,277,772,448,394
1222,1064,3936,174,329,334,738,441,419
1223,1048,3547,193,369,382,801,470,377
1224,1013,3409,186,346,395,757,423,346
1225,241,0,117,12,112,636,27,0
1226,263,0,112,14,109,612,38,0
1227,288,0,123,15,115,838,36,0
1228,287,0,120,16,141,862,49,0
1229,337,0,144,13,163,986,33,6
1230,339,0,155,10,196,1134,60,5
1231,370,0,167,10,230,1267,49,8
1232,338,0,178,15,272,1405,50,10
1233,404,0,214,26,373,1847,77,12
1234,413,0,189,12,377,1909,74,17
1235,392,0,216,24,458,2312,54,11
1236,371,0,239,15,566,2417,78,12
1237,455,0,255,16,626,2936,83,21
1238,387,0,298,24,821,3249,82,28
1239,418,0,298,18,1052,3676,94,36
1240,431,0,350,13,1127,4023,96,35
1241,367,0,342,18,1366,4392,104,37
1242,354,0,367,23,1472,4519,81,49
1243,371,0,421,21,1671,5230,102,47
1244,326,0,410,11,1687,5048,98,56
1245,377,0,664,26,2491,6343,126,89
1246,317,0,474,21,2173,5247,86,68
1247,301,0,580,21,2707,5967,91,85
1248,247,0,596,21,3078,6129,90,79
1249,294,0,707,23,3477,6488,101,124
1250,311,0,807,18,3937,6811,106,121
1251,260,0,865,25,4326,7176,98,157
1252,285,0,1018,21,4967,7579,102,177
1253,260,0,1128,25,5703,8439,93,205
1254,271,0,1082,26,6253,9250,105,233
1255,278,0,1389,33,7318,10479,137,316
1256,280,0,1456,36,8869,11802,130,325
1257,310,0,2011,32,12645,16133,189,504
1258,346,0,2239,42,14674,18889,238,588
1259,375,0,2933,62,18782,23221,219,656
1260,412,0,4182,106,25154,30866,290,895
1261,421,0,5136,90,27415,32661,297,1078
1262,445,5,6639,89,28853,34249,291,1441
1263,397,0,8802,92,32034,36150,322,1760
1264,379,0,10107,70,31734,33705,282,2144
1265,379,0,14017,82,36645,35098,349,2502
1266,392,0,17637,94,39083,34819,367,3382
1267,341,0,20893,71,37711,32507,365,3902
1268,362,0,25990,118,39045,31492,423,4800
1269,341,0,30602,125,39996,31193,454,6958
1270,310,0,32817,82,38572,29168,438,8095
1271,310,0,32959,116,36614,26884,479,8590
1272,234,0,35422,91,35987,25316,516,10553
1273,247,0,36078,130,33728,22936,554,12332
1274,209,0,36669,161,31477,20983,509,13626
1275,196,0,38239,165,30404,19914,493,15749
1276,209,0,36102,158,26521,17657,534,16468
1277,213,0,34411,208,24968,16375,774,17991
1278,199,0,31526,243,22050,14645,786,18625
1279,189,0,31078,280,21280,14099,1001,20847
1280,211,0,28673,279,19400,12778,1197,22876
1281,192,0,25863,299,17668,12232,2439,23912
1282,176,0,25328,323,16571,11452,4380,26837
1283,192,7,25502,410,16348,10833,7047,27555
1284,185,0,23639,443,15170,10417,10714,29704
1285,218,0,22074,469,14874,10201,18368,32661
1286,223,6,20900,608,14561,9889,23715,36901
1287,295,8,21654,676,15032,10013,31611,39454
1288,284,10,21595,788,14785,9799,38437,39620
1289,238,12,19757,1293,13378,8693,38411,36872
1290,280,10,18383,1464,12328,8300,41464,35840
1291,274,7,19714,2470,12796,8852,52708,46295
1292,310,11,18962,5838,12751,8978,99680,51274
1293,306,13,16622,11246,11326,8305,96211,46135
1294,333,11,14946,19208,10406,7709,91010,46337
1295,379,15,13614,29073,9555,7060,80439,47952
1296,409,15,12820,42045,9082,6945,73947,56433
1297,418,24,12125,49809,8608,6470,67092,53090
1298,428,15,11367,52196,8154,6120,61264,51007
1299,428,21,10615,54674,7791,5940,55371,49133
1300,452,8,9928,52314,7241,5596,51279,46210
1301,643,25,9213,47829,6862,5279,48067,43332
1302,667,27,8474,40065,6401,5015,44495,39277
1303,796,38,7709,32936,5539,4763,41898,37932
1304,858,37,7317,29552,5238,4378,40409,35221
1305,977,57,6503,25269,5077,4069,37314,32107
1306,1057,80,5580,24092,4726,3855,35574,28867
1307,948,95,4765,22893,4075,3587,31462,26538
1308,1035,108,4154,21062,3791,3340,27715,25363
1309,1275,180,4067,19306,3535,3095,23633,26087
1310,1650,218,3565,17083,2960,2804,19339,23551
1311,2329,263,2948,16250,2667,2449,15560,20115
1312,2663,386,2543,14007,2316,2153,13199,17746
1313,2430,544,2134,12286,2084,1881,11368,15806
1314,2817,643,2133,11186,1778,1857,10248,14957
1315,3550,932,1967,9853,1802,1715,8734,13404
1316,4133,1164,1763,8675,1626,1441,7379,11466
1317,4181,1176,1366,6279,1277,1245,5746,9602
1318,5627,1253,1323,4984,1175,1133,4735,8477
1319,7476,1626,1130,4345,1100,1140,4085,8040
1320,12653,1988,1021,3415,975,1057,3525,7056
1321,15591,2292,908,2994,983,942,3141,6017
1322,18280,2706,807,2677,934,992,2909,5907
1323,20522,3484,715,2479,913,922,2936,5498
1324,31927,4450,711,2181,889,879,2739,5651
1325,35819,7296,658,1938,895,909,2805,5309
1326,34373,8877,662,1905,787,896,2730,5285
1327,34210,14851,635,1842,828,875,2787,5167
1328,33754,33290,563,1605,759,844,2473,4922
1329,33906,38759,503,1468,682,859,2334,4475
1330,39050,47007,502,1401,719,809,2113,4398
1331,40522,49674,407,1284,629,766,1951,4246
1332,41786,54845,435,1203,614,815,1929,3913
1333,39451,49963,395,1056,608,775,1844,3798
1334,36827,47585,399,1076,620,857,1844,3606
1335,34405,45553,406,1094,596,861,1658,3578
1336,28887,43482,345,1014,498,773,1608,3418
1337,25034,38452,296,919,508,827,1580,2951
1338,20809,34847,292,797,476,868,1487,2660
1339,18715,30278,275,740,442,848,1281,2363
1340,16345,26603,234,660,376,837,1233,2160
1341,13973,23676,217,633,350,900,987,1970
1342,12239,20895,189,638,315,812,1095,1781
1343,10908,19871,194,553,312,832,970,1704
1344,9741,18132,182,524,335,841,898,1532
1345,8550,17997,174,545,312,890,849,1392
1346,6963,16524,153,489,317,884,837,1223
1347,6132,15339,127,474,263,875,769,1113
1348,5339,14512,142,421,291,783,739,1011
1349,4677,14370,136,427,288,860,727,997
1350,4088,13270,132,425,234,960,745,877
1351,3355,12340,135,423,265,948,698,775
1352,3038,11423,134,371,262,931,659,725
1353,2439,9402,137,355,242,884,611,629
1354,1952,7811,148,346,226,826,550,564
1355,1655,6306,132,354,240,703,476,479
1356,1409,5398,167,332,276,729,488,427
1357,1228,4696,140,336,277,772,448,394
1358,1064,3936,174,329,334,738,441,419
1359,1048,3547,193,369,382,801,470,377
1360,1013,3409,186,346,395,757,423,346
1361,241,0,117,12,112,636,27,0
1362,263,0,112,14,109,612,38,0
1363,288,0,123,15,115,838,36,0
1364,287,0,120,16,141,862,49,0
1365,337,0,144,13,163,986,33,6
1366,339,0,155,10,196,1134,60,5
1367,370,0,167,10,230,1267,49,8
1368,338,0,178,15,272,1405,50,10
1369,404,0,214,26,373,1847,77,12
1370,413,0,189,12,377,1909,74,17
1371,392,0,216,24,458,2312,54,11
1372,371,0,239,15,566,2417,78,12
1373,455,0,255,16,626,2936,83,21
1374,387,0,298,24,821,3249,82,28
1375,418,0,298,18,1052,3676,94,36
1376,431,0,350,13,1127,4023,96,35
1377,367,0,342,18,1366,4392,104,37
1378,354,0,367,23,1472,4519,81,49
1379,371,0,421,21,1671,5230,102,47
1380,326,0,410,11,1687,5048,98,56
1381,377,0,664,26,2491,6343,126,89
1382,317,0,474,21,2173,5247,86,68
1383,301,0,580,21,2707,5967,91,85
1384,247,0,596,21,3078,6129,90,79
1385,294,0,707,23,3477,6488,101,124
1386,311,0,807,18,3937,6811,106,121
1387,260,0,865,25,4326,7176,98,157
1388,285,0,1018,21,4967,7579,102,177
1389,260,0,1128,25,5703,8439,93,205
1390,271,0,1082,26,6253,9250,105,233
1391,278,0,1389,33,7318,10479,137,316
1392,280,0,1456,36,8869,11802,130,325
1393,310,0,2011,32,12645,16133,189,504
1394,346,0,2239,42,14674,18889,238,588
1395,375,0,2933,62,18782,23221,219,656
1396,412,0,4182,106,25154,30866,290,895
1397,421,0,5136,90,27415,32661,297,1078
1398,445,5,6639,89,28853,34249,291,1441
1399,397,0,8802,92,32034,36150,322,1760
1400,379,0,10107,70,31734,33705,282,2144
1401,379,0,14017,82,36645,35098,349,2502
1402,392,0,17637,94,39083,34819,367,3382
1403,341,0,20893,71,37711,32507,365,3902
1404,362,0,25990,118,39045,31492,423,4800
1405,341,0,30602,125,39996,31193,454,6958
1406,310,0,32817,82,38572,29168,438,8095
1407,310,0,32959,116,36614,26884,479,8590
1408,234,0,35422,91,35987,25316,516,10553
1409,247,0,36078,130,33728,22936,554,12332
1410,209,0,36669,161,31477,20983,509,13626
1411,196,0,38239,165,30404,19914,493,15749
1412,209,0,36102,158,26521,17657,534,16468
1413,213,0,34411,208,24968,16375,774,17991
1414,199,0,31526,243,22050,14645,786,18625
1415,189,0,31078,280,21280,14099,1001,20847
1416,211,0,28673,279,19400,12778,1197,22876
1417,192,0,25863,299,17668,12232,2439,23912
1418,176,0,25328,323,16571,11452,4380,26837
1419,192,7,25502,410,16348,10833,7047,27555
1420,185,0,23639,443,15170,10417,10714,29704
1421,218,0,22074,469,14874,10201,18368,32661
1422,223,6,20900,608,14561,9889,23715,36901
1423,295,8,21654,676,15032,10013,31611,39454
1424,284,10,21595,788,14785,9799,38437,39620
1425,238,12,19757,1293,13378,8693,38411,36872
1426,280,10,18383,1464,12328,8300,41464,35840
1427,274,7,19714,2470,12796,8852,52708,46295
1428,310,11,18962,5838,12751,8978,99680,51274
1429,306,13,16622,11246,11326,8305,96211,46135
1430,333,11,14946,19208,10406,7709,91010,46337
1431,379,15,13614,29073,9555,7060,80439,47952
1432,409,15,12820,42045,9082,6945,73947,56433
1433,418,24,12125,49809,8608,6470,67092,53090
1434,428,15,11367,52196,8154,6120,61264,51007
1435,428,21,10615,54674,7791,5940,55371,49133
1436,452,8,9928,52314,7241,5596,51279,46210
1437,643,25,9213,47829,6862,5279,48067,43332
1438,667,27,8474,40065,6401,5015,44495,39277
1439,796,38,7709,32936,5539,4763,41898,37932
1440,858,37,7317,29552,5238,4378,40409,35221
1441,977,57,6503,25269,5077,4069,37314,32107
1442,1057,80,5580,24092,4726,3855,35574,28867
1443,948,95,4765,22893,4075,3587,31462,26538
1444,1035,108,4154,21062,3791,3340,27715,25363
1445,1275,180,4067,19306,3535,3095,23633,26087
1446,1650,218,3565,17083,2960,2804,19339,23551
1447,2329,263,2948,16250,2667,2449,15560,20115
1448,2663,386,2543,14007,2316,2153,13199,17746
1449,2430,544,2134,12286,2084,1881,11368,15806
1450,2817,643,2133,11186,1778,1857,10248,14957
1451,3550,932,1967,9853,1802,1715,8734,13404
1452,4133,1164,1763,8675,1626,1441,7379,11466
1453,4181,1176,1366,6279,1277,1245,5746,9602
1454,5627,1253,1323,4984,1175,1133,4735,8477
1455,7476,1626,1130,4345,1100,1140,4085,8040
1456,12653,1988,1021,3415,975,1057,3525,7056
1457,15591,2292,908,2994,983,942,3141,6017
1458,18280,2706,807,2677,934,992,2909,5907
1459,20522,3484,715,2479,913,922,2936,5498
1460,31927,4450,711,2181,889,879,2739,5651
1461,35819,7296,658,1938,895,909,2805,5309
1462,34373,8877,662,1905,787,896,2730,5285
1463,34210,14851,635,1842,828,875,2787,5167
1464,33754,33290,563,1605,759,844,2473,4922
1465,33906,38759,503,1468,682,859,2334,4475
1466,39050,47007,502,1401,719,809,2113,4398
1467,40522,49674,407,1284,629,766,1951,4246
1468,41786,54845,435,1203,614,815,1929,3913
1469,39451,49963,395,1056,608,775,1844,3798
1470,36827,47585,399,1076,620,857,1844,3606
1471,34405,45553,406,1094,596,861,1658,3578
1472,28887,43482,345,1014,498,773,1608,3418
1473,25034,38452,296,919,508,827,1580,2951
1474,20809,34847,292,797,476,868,1487,2660
1475,18715,30278,275,740,442,848,1281,2363
1476,16345,26603,234,660,376,837,1233,2160
1477,13973,23676,217,633,350,900,987,1970
1478,12239,20895,189,638,315,812,1095,1781
1479,10908,19871,194,553,312,832,970,1704
1480,9741,18132,182,524,335,841,898,1532
1481,8550,17997,174,545,312,890,849,1392
1482,6963,16524,153,489,317,884,837,1223
1483,6132,15339,127,474,263,875,769,1113
1484,5339,14512,142,421,291,783,739,1011
1485,4677,14370,136,427,288,860,727,997
1486,4088,13270,132,425,234,960,745,877
1487,3355,12340,135,423,265,948,698,775
1488,3038,11423,134,371,262,931,659,725
1489,2439,9402,137,355,242,884,611,629
1490,1952,7811,148,346,226,826,550,564
1491,1655,6306,132,354,240,703,476,479
1492,1409,5398,167,332,276,729,488,427
1493,1228,4696,140,336,277,772,448,394
1494,1064,3936,174,329,334,738,441,419
1495,1048,3547,193,369,382,801,470,377
1496,1013,3409,186,346,395,757,423,346
1497,241,0,117,12,112,636,27,0
1498,263,0,112,14,109,612,38,0
1499,288,0,123,15,115,838,36,0
1500,287,0,120,16,141,862,49,0
1501,337,0,144,13,163,986,33,6
1502,339,0,155,10,196,1134,60,5
1503,370,0,167,10,230,1267,49,8
1504,338,0,178,15,272,1405,50,10
1505,404,0,214,26,373,1847,77,12
1506,413,0,189,12,377,1909,74,17
1507,392,0,216,24,458,2312,54,11
1508,371,0,239,15,566,2417,78,12
1509,455,0,255,16,626,2936,83,21
1510,387,0,298,24,821,3249,82,28
1511,418,0,298,18,1052,3676,94,36
1512,431,0,350,13,1127,4023,96,35
1513,367,0,342,18,1366,4392,104,37
1514,354,0,367,23,1472,4519,81,49
1515,371,0,421,21,1671,5230,102,47
1516,326,0,410,11,1687,5048,98,56
1517,377,0,664,26,2491,6343,126,89
1518,317,0,474,21,2173,5247,86,68
1519,301,0,580,21,2707,5967,91,85
1520,247,0,596,21,3078,6129,90,79
1521,294,0,707,23,3477,6488,101,124
1522,311,0,807,18,3937,6811,106,121
1523,260,0,865,25,4326,7176,98,157
1524,285,0,1018,21,4967,7579,102,177
1525,260,0,1128,25,5703,8439,93,205
1526,271,0,1082,26,6253,9250,105,233
1527,278,0,1389,33,7318,10479,137,316
1528,280,0,1456,36,8869,11802,130,325
1529,310,0,2011,32,12645,16133,189,504
1530,346,0,2239,42,14674,18889,238,588
1531,375,0,2933,62,18782,23221,219,656
1532,412,0,4182,106,25154,30866,290,895
1533,421,0,5136,90,27415,32661,297,1078
1534,445,5,6639,89,28853,34249,291,1441
1535,397,0,8802,92,32034,36150,322,1760
1536,379,0,10107,70,31734,33705,282,2144
1537,379,0,14017,82,36645,35098,349,2502
1538,392,0,17637,94,39083,34819,367,3382
1539,341,0,20893,71,37711,32507,365,3902
1540,362,0,25990,118,39045,31492,423,4800
1541,341,0,30602,125,39996,31193,454,6958
1542,310,0,32817,82,38572,29168,438,8095
1543,310,0,32959,116,36614,26884,479,8590
1544,234,0,35422,91,35987,25316,516,10553
1545,247,0,36078,130,33728,22936,554,12332
1546,209,0,36669,161,31477,20983,509,13626
1547,196,0,38239,165,30404,19914,493,15749
1548,209,0,36102,158,26521,17657,534,16468
1549,213,0,34411,208,24968,16375,774,17991
1550,199,0,31526,243,22050,14645,786,18625
1551,189,0,31078,280,21280,14099,1001,20847
1552,211,0,28673,279,19400,12778,1197,22876
1553,192,0,25863,299,17668,12232,2439,23912
1554,176,0,25328,323,16571,11452,4380,26837
1555,192,7,25502,410,16348,10833,7047,27555
1556,185,0,23639,443,15170,10417,10714,29704
1557,218,0,22074,469,14874,10201,18368,32661
1558,223,6,20900,608,14561,9889,23715,36901
1559,295,8,21654,676,15032,10013,31611,39454
1560,284,10,21595,788,14785,9799,38437,39620
1561,238,12,19757,1293,13378,8693,38411,36872
1562,280,10,18383,1464,12328,8300,41464,35840
1563,274,7,19714,2470,12796,8852,52708,46295
1564,310,11,18962,5838,12751,8978,99680,51274
1565,306,13,16622,11246,11326,8305,96211,46135
1566,333,11,14946,19208,10406,7709,91010,46337
1567,379,15,13614,29073,9555,7060,80439,47952
1568,409,15,12820,42045,9082,6945,73947,56433
1569,418,24,12125,49809,8608,6470,67092,53090
1570,428,15,11367,52196,8154,6120,61264,51007
1571,428,21,10615,54674,7791,5940,55371,49133
1572,452,8,9928,52314,7241,5596,51279,46210
1573,643,25,9213,47829,6862,5279,48067,43332
1574,667,27,8474,40065,6401,5015,44495,39277
1575,796,38,7709,32936,5539,4763,41898,37932
1576,858,37,7317,29552,5238,4378,40409,35221
1577,977,57,6503,25269,5077,4069,37314,32107
1578,1057,80,5580,24092,4726,3855,35574,28867
1579,948,95,4765,22893,4075,3587,31462,26538
1580,1035,108,4154,21062,3791,3340,27715,25363
1581,1275,180,4067,19306,3535,3095,23633,26087
1582,1650,218,3565,17083,2960,2804,19339,23551
1583,2329,263,2948,16250,2667,2449,15560,20115
1584,2663,386,2543,14007,2316,2153,13199,17746
1585,2430,544,2134,12286,2084,1881,11368,15806
1586,2817,643,2133,11186,1778,1857,10248,14957
1587,3550,932,1967,9853,1802,1715,8734,13404
1588,4133,1164,1763,8675,1626,1441,7379,11466
1589,4181,1176,1366,6279,1277,1245,5746,9602
1590,5627,1253,1323,4984,1175,1133,4735,8477
1591,7476,1626,1130,4345,1100,1140,4085,8040
1592,12653,1988,1021,3415,975,1057,3525,7056
1593,15591,2292,908,2994,983,942,3141,6017
1594,18280,2706,807,2677,934,992,2909,5907
1595,20522,3484,715,2479,913,922,2936,5498
1596,31927,4450,711,2181,889,879,2739,5651
1597,35819,7296,658,1938,895,909,2805,5309
1598,34373,8877,662,1905,787,896,2730,5285
1599,34210,14851,635,1842,828,875,2787,5167
1600,33754,33290,563,1605,759,844,2473,4922
1601,33906,38759,503,1468,682,859,2334,4475
1602,39050,47007,502,1401,719,809,2113,4398
1603,40522,49674,407,1284,629,766,1951,4246
1604,41786,54845,435,1203,614,815,1929,3913
1605,39451,49963,395,1056,608,775,1844,3798
1606,36827,47585,399,1076,620,857,1844,3606
1607,34405,45553,406,1094,596,861,1658,3578
1608,28887,43482,345,1014,498,773,1608,3418
1609,25034,38452,296,919,508,827,1580,2951
1610,20809,34847,292,797,476,868,1487,2660
1611,18715,30278,275,740,442,848,1281,2363
1612,16345,26603,234,660,376,837,1233,2160
1613,13973,23676,217,633,350,900,987,1970
1614,12239,20895,189,638,315,812,1095,1781
1615,10908,19871,194,553,312,832,970,1704
1616,9741,18132,182,524,335,841,898,1532
1617,8550,17997,174,545,312,890,849,1392
1618,6963,16524,153,489,317,884,837,1223
1619,6132,15339,127,474,263,875,769,1113
1620,5339,14512,142,421,291,783,739,1011
1621,4677,14370,136,427,288,860,727,997
1622,4088,13270,132,425,234,960,745,877
1623,3355,12340,135,423,265,948,698,775
1624,3038,11423,134,371,262,931,659,725
1625,2439,9402,137,355,242,884,611,629
1626,1952,7811,148,346,226,826,550,564
1627,1655,6306,132,354,240,703,476,479
1628,1409,5398,167,332,276,729,488,427
1629,1228,4696,140,336,277,772,448,394
1630,1064,3936,174,329,334,738,441,419
1631,1048,3547,193,369,382,801,470,377
1632,1013,3409,186,346,395,757,423,346
1633,241,0,117,12,112,636,27,0
1634,263,0,112,14,109,612,38,0
1635,288,0,123,15,115,838,36,0
1636,287,0,120,16,141,862,49,0
1637,337,0,144,13,163,986,33,6
1638,339,0,155,10,196,1134,60,5
1639,370,0,167,10,230,1267,49,8
1640,338,0,178,15,272,1405,50,10
1641,404,0,214,26,373,1847,77,12
1642,413,0,189,12,377,1909,74,17
1643,392,0,216,24,458,2312,54,11
1644,371,0,239,15,566,2417,78,12
1645,455,0,255,16,626,2936,83,21
1646,387,0,298,24,821,3249,82,28
1647,418,0,298,18,1052,3676,94,36
1648,431,0,350,13,1127,4023,96,35
1649,367,0,342,18,1366,4392,104,37
1650,354,0,367,23,1472,4519,81,49
1651,371,0,421,21,1671,5230,102,47
1652,326,0,410,11,1687,5048,98,56
1653,377,0,664,26,2491,6343,126,89
1654,317,0,474,21,2173,5247,86,68
1655,301,0,580,21,2707,5967,91,85
1656,247,0,596,21,3078,6129,90,79
1657,294,0,707,23,3477,6488,101,124
1658,311,0,807,18,3937,6811,106,121
1659,260,0,865,25,4326,7176,98,157
1660,285,0,1018,21,4967,7579,102,177
1661,260,0,1128,25,5703,8439,93,205
1662,271,0,1082,26,6253,9250,105,233
1663,278,0,1389,33,7318,10479,137,316
1664,280,0,1456,36,8869,11802,130,325
1665,310,0,2011,32,12645,16133,189,504
1666,346,0,2239,42,14674,18889,238,588
1667,375,0,2933,62,18782,23221,219,656
1668,412,0,4182,106,25154,30866,290,895
1669,421,0,5136,90,27415,32661,297,1078
1670,445,5,6639,89,28853,34249,291,1441
1671,397,0,8802,92,32034,36150,322,1760
1672,379,0,10107,70,31734,33705,282,2144
1673,379,0,14017,82,36645,35098,349,2502
1674,392,0,17637,94,39083,34819,367,3382
1675,341,0,20893,71,37711,32507,365,3902
1676,362,0,25990,118,39045,31492,423,4800
1677,341,0,30602,125,39996,31193,454,6958
1678,310,0,32817,82,38572,29168,438,8095
1679,310,0,32959,116,36614,26884,479,8590
1680,234,0,35422,91,35987,25316,516,10553
1681,247,0,36078,130,33728,22936,554,12332
1682,209,0,36669,161,31477,20983,509,13626
1683,196,0,38239,165,30404,19914,493,15749
1684,209,0,36102,158,26521,17657,534,16468
1685,213,0,34411,208,24968,16375,774,17991
1686,199,0,31526,243,22050,14645,786,18625
1687,189,0,31078,280,21280,14099,1001,20847
1688,211,0,28673,279,19400,12778,1197,22876
1689,192,0,25863,299,17668,12232,2439,23912
1690,176,0,25328,323,16571,11452,4380,26837
1691,192,7,25502,410,16348,10833,7047,27555
1692,185,0,23639,443,15170,10417,10714,29704
1693,218,0,22074,469,14874,10201,18368,32661
1694,223,6,20900,608,14561,9889,23715,36901
1695,295,8,21654,676,15032,10013,31611,39454
1696,284,10,21595,788,14785,9799,38437,39620
1697,238,12,19757,1293,13378,8693,38411,36872
1698,280,10,18383,1464,12328,8300,41464,35840
1699,274,7,19714,2470,12796,8852,52708,46295
1700,310,11,18962,5838,12751,8978,99680,51274
1701,306,13,16622,11246,11326,8305,96211,46135
1702,333,11,14946,19208,10406,7709,91010,46337
1703,379,15,13614,29073,9555,7060,80439,47952
1704,409,15,12820,42045,9082,6945,73947,56433
1705,418,24,12125,49809,8608,6470,67092,53090
1706,428,15,11367,52196,8154,6120,61264,51007
1707,428,21,10615,54674,7791,5940,55371,49133
1708,452,8,9928,52314,7241,5596,51279,46210
1709,643,25,9213,47829,6862,5279,48067,43332
1710,667,27,8474,40065,6401,5015,44495,39277
1711,796,38,7709,32936,5539,4763,41898,37932
1712,858,37,7317,29552,5238,4378,40409,35221
1713,977,57,6503,25269,5077,4069,37314,32107
1714,1057,80,5580,24092,4726,3855,35574,28867
1715,948,95,4765,22893,4075,3587,31462,26538
1716,1035,108,4154,21062,3791,3340,27715,25363
1717,1275,180,4067,19306,3535,3095,23633,26087
1718,1650,218,3565,17083,2960,2804,19339,23551
1719,2329,263,2948,16250,2667,2449,15560,20115
1720,2663,386,2543,14007,2316,2153,13199,17746
1721,2430,544,2134,12286,2084,1881,11368,15806
1722,2817,643,2133,11186,1778,1857,10248,14957
1723,3550,932,1967,9853,1802,1715,8734,13404
1724,4133,1164,1763,8675,1626,1441,7379,11466
1725,4181,1176,1366,6279,1277,1245,5746,9602
1726,5627,1253,1323,4984,1175,1133,4735,8477
1727,7476,1626,1130,4345,1100,1140,4085,8040
1728,12653,1988,1021,3415,975,1057,3525,7056
1729,15591,2292,908,2994,983,942,3141,6017
1730,18280,2706,807,2677,934,992,2909,5907
1731,20522,3484,715,2479,913,922,2936,5498
1732,31927,4450,711,2181,889,879,2739,5651
1733,35819,7296,658,1938,895,909,2805,5309
1734,34373,8877,662,1905,787,896,2730,5285
1735,34210,14851,635,1842,828,875,2787,5167
1736,33754,33290,563,1605,759,844,2473,4922
1737,33906,38759,503,1468,682,859,2334,4475
1738,39050,47007,502,1401,719,809,2113,4398
1739,40522,49674,407,1284,629,766,1951,4246
1740,41786,54845,435,1203,614,815,1929,3913
1741,39451,49963,395,1056,608,775,1844,3798
1742,36827,47585,399,1076,620,857,1844,3606
1743,34405,45553,406,1094,596,861,1658,3578
1744,28887,43482,345,1014,498,773,1608,3418
1745,25034,38452,296,919,508,827,1580,2951
1746,20809,34847,292,797,476,868,1487,2660
1747,18715,30278,275,740,442,848,1281,2363
1748,16345,26603,234,660,376,837,1233,2160
1749,13973,23676,217,633,350,900,987,1970
1750,12239,20895,189,638,315,812,1095,1781
1751,10908,19871,194,553,312,832,970,1704
1752,9741,18132,182,524,335,841,898,1532
1753,8550,17997,174,545,312,890,849,1392
1754,6963,16524,153,489,317,884,837,1223
1755,6132,15339,127,474,263,875,769,1113
1756,5339,14512,142,421,291,783,739,1011
1757,4677,14370,136,427,288,860,727,997
1758,4088,13270,132,425,234,960,745,877
1759,3355,12340,135,423,265,948,698,775
1760,3038,11423,134,371,262,931,659,725
1761,2439,9402,137,355,242,884,611,629
1762,1952,7811,148,346,226,826,550,564
1763,1655,6306,132,354,240,703,476,479
1764,1409,5398,167,332,276,729,488,427
1765,1228,4696,140,336,277,772,448,394
1766,1064,3936,174,329,334,738,441,419
1767,1048,3547,193,369,382,801,470,377
1768,1013,3409,186,346,395,757,423,346
1769,241,0,117,12,112,636,27,0
1770,263,0,112,14,109,612,38,0
1771,288,0,123,15,115,838,36,0
1772,287,0,120,16,141,862,49,0
1773,337,0,144,13,163,986,33,6
1774,339,0,155,10,196,1134,60,5
1775,370,0,167,10,230,1267,49,8
1776,338,0,178,15,272,1405,50,10
1777,404,0,214,26,373,1847,77,12
1778,413,0,189,12,377,1909,74,17
1779,392,0,216,24,458,2312,54,11
1780,371,0,239,15,566,2417,78,12
1781,455,0,255,16,626,2936,83,21
1782,387,0,298,24,821,3249,82,28
1783,418,0,298,18,1052,3676,94,36
1784,431,0,350,13,1127,4023,96,35
1785,367,0,342,18,1366,4392,104,37
1786,354,0,367,23,1472,4519,81,49
1787,371,0,421,21,1671,5230,102,47
1788,326,0,410,11,1687,5048,98,56
1789,377,0,664,26,2491,6343,126,89
1790,317,0,474,21,2173,5247,86,68
1791,301,0,580,21,2707,5967,91,85
1792,247,0,596,21,3078,6129,90,79
1793,294,0,707,23,3477,6488,101,124
1794,311,0,807,18,3937,6811,106,121
1795,260,0,865,25,4326,7176,98,157
1796,285,0,1018,21,4967,7579,102,177
1797,260,0,1128,25,5703,8439,93,205
1798,271,0,1082,26,6253,9250,105,233
1799,278,0,1389,33,7318,10479,137,316
1800,280,0,1456,36,8869,11802,130,325
1801,310,0,2011,32,12645,16133,189,504
1802,346,0,2239,42,14674,18889,238,588
1803,375,0,2933,62,18782,23221,219,656
1804,412,0,4182,106,25154,30866,290,895
1805,421,0,5136,90,27415,32661,297,1078
1806,445,5,6639,89,28853,34249,291,1441
1807,397,0,8802,92,32034,36150,322,1760
1808,379,0,10107,70,31734,33705,282,2144
1809,379,0,14017,82,36645,35098,349,2502
1810,392,0,17637,94,39083,34819,367,3382
1811,341,0,20893,71,37711,32507,365,3902
1812,362,0,25990,118,39045,31492,423,4800
1813,341,0,30602,125,39996,31193,454,6958
1814,310,0,32817,82,38572,29168,438,8095
1815,310,0,32959,116,36614,26884,479,8590
1816,234,0,35422,91,35987,25316,516,10553
1817,247,0,36078,130,33728,22936,554,12332
1818,209,0,36669,161,31477,20983,509,13626
1819,196,0,38239,165,30404,19914,493,15749
1820,209,0,36102,158,26521,17657,534,16468
1821,213,0,34411,208,24968,16375,774,17991
1822,199,0,31526,243,22050,14645,786,18625
1823,189,0,31078,280,21280,14099,1001,20847
1824,211,0,28673,279,19400,12778,1197,22876
1825,192,0,25863,299,17668,12232,2439,23912
1826,176,0,25328,323,16571,11452,4380,26837
1827,192,7,25502,410,16348,10833,7047,27555
1828,185,0,23639,443,15170,10417,10714,29704
1829,218,0,22074,469,14874,10201,18368,32661
1830,223,6,20900,608,14561,9889,23715,36901
1831,295,8,21654,676,15032,10013,31611,39454
1832,284,10,21595,788,14785,9799,38437,39620
1833,238,12,19757,1293,13378,8693,38411,36872
1834,280,10,18383,1464,12328,8300,41464,35840
1835,274,7,19714,2470,12796,8852,52708,46295
1836,310,11,18962,5838,12751,8978,99680,51274
1837,306,13,16622,11246,11326,8305,96211,46135
1838,333,11,14946,19208,10406,7709,91010,46337
1839,379,15,13614,29073,9555,7060,80439,47952
1840,409,15,12820,42045,9082,6945,73947,56433
1841,418,24,12125,49809,8608,6470,67092,53090
1842,428,15,11367,52196,8154,6120,61264,51007
1843,428,21,10615,54674,7791,5940,55371,49133
1844,452,8,9928,52314,7241,5596,51279,46210
1845,643,25,9213,47829,6862,5279,48067,43332
1846,667,27,8474,40065,6401,5015,44495,39277
1847,796,38,7709,32936,5539,4763,41898,37932
1848,858,37,7317,29552,5238,4378,40409,35221
1849,977,57,6503,25269,5077,4069,37314,32107
1850,1057,80,5580,24092,4726,3855,35574,28867
1851,948,95,4765,22893,4075,3587,31462,26538
1852,1035,108,4154,21062,3791,3340,27715,25363
1853,1275,180,4067,19306,3535,3095,23633,26087
1854,1650,218,3565,17083,2960,2804,19339,23551
1855,2329,263,2948,16250,2667,2449,15560,20115
1856,2663,386,2543,14007,2316,2153,13199,17746
1857,2430,544,2134,12286,2084,1881,11368,15806
1858,2817,643,2133,11186,1778,1857,10248,14957
1859,3550,932,1967,9853,1802,1715,8734,13404
1860,4133,1164,1763,8675,1626,1441,7379,11466
1861,4181,1176,1366,6279,1277,1245,5746,9602
1862,5627,1253,1323,4984,1175,1133,4735,8477
1863,7476,1626,1130,4345,1100,1140,4085,8040
1864,12653,1988,1021,3415,975,1057,3525,7056
1865,15591,2292,908,2994,983,942,3141,6017
1866,18280,2706,807,2677,934,992,2909,5907
1867,20522,3484,715,2479,913,922,2936,5498
1868,31927,4450,711,2181,889,879,2739,5651
1869,35819,7296,658,1938,895,909,2805,5309
1870,34373,8877,662,1905,787,896,2730,5285
1871,34210,14851,635,1842,828,875,2787,5167
1872,33754,33290,563,1605,759,844,2473,4922
1873,33906,38759,503,1468,682,859,2334,4475
1874,39050,47007,502,1401,719,809,2113,4398
1875,40522,49674,407,1284,629,766,1951,4246
1876,41786,54845,435,1203,614,815,1929,3913
1877,39451,49963,395,1056,608,775,1844,3798
1878,36827,47585,399,1076,620,857,1844,3606
1879,34405,45553,406,1094,596,861,1658,3578
1880,28887,43482,345,1014,498,773,1608,3418
1881,25034,38452,296,919,508,827,1580,2951
1882,20809,34847,292,797,476,868,1487,2660
1883,18715,30278,275,740,442,848,1281,2363
1884,16345,26603,234,660,376,837,1233,2160
1885,13973,23676,217,633,350,900,987,1970
1886,12239,20895,189,638,315,812,1095,1781
1887,10908,19871,194,553,312,832,970,1704
1888,9741,18132,182,524,335,841,898,1532
1889,8550,17997,174,545,312,890,849,1392
1890,6963,16524,153,489,317,884,837,1223
1891,6132,15339,127,474,263,875,769,1113
1892,5339,14512,142,421,291,783,739,1011
1893,4677,14370,136,427,288,860,727,997
1894,4088,13270,132,425,234,960,745,877
1895,3355,12340,135,423,265,948,698,775
1896,3038,11423,134,371,262,931,659,725
1897,2439,9402,137,355,242,884,611,629
1898,1952,7811,148,346,226,826,550,564
1899,1655,6306,132,354,240,703,476,479
1900,1409,5398,167,332,276,729,488,427
1901,1228,4696,140,336,277,772,448,394
1902,1064,3936,174,329,334,738,441,419
1903,1048,3547,193,369,382,801,470,377
1904,1013,3409,186,346,395,757,423,346
1905,241,0,117,12,112,636,27,0
1906,263,0,112,14,109,612,38,0
1907,288,0,123,15,115,838,36,0
1908,287,0,120,16,141,862,49,0
1909,337,0,144,13,163,986,33,6
1910,339,0,155,10,196,1134,60,5
1911,370,0,167,10,230,1267,49,8
1912,338,0,178,15,272,1405,50,10
1913,404,0,214,26,373,1847,77,12
1914,413,0,189,12,377,1909,74,17
1915,392,0,216,24,458,2312,54,11
1916,371,0,239,15,566,2417,78,12
1917,455,0,255,16,626,2936,83,21
1918,387,0,298,24,821,3249,82,28
1919,418,0,298,18,1052,3676,94,36
1920,431,0,350,13,1127,4023,96,35
1921,367,0,342,18,1366,4392,104,37
1922,354,0,367,23,1472,4519,81,49
1923,371,0,421,21,1671,5230,102,47
1924,326,0,410,11,1687,5048,98,56
1925,377,0,664,26,2491,6343,126,89
1926,317,0,474,21,2173,5247,86,68
1927,301,0,580,21,2707,5967,91,85
1928,247,0,596,21,3078,6129,90,79
1929,294,0,707,23,3477,6488,101,124
1930,311,0,807,18,3937,6811,106,121
1931,260,0,865,25,4326,7176,98,157
1932,285,0,1018,21,4967,7579,102,177
1933,260,0,1128,25,5703,8439,93,205
1934,271,0,1082,26,6253,9250,105,233
1935,278,0,1389,33,7318,10479,137,316
1936,280,0,1456,36,8869,11802,130,325
1937,310,0,2011,32,12645,16133,189,504
1938,346,0,2239,42,14674,18889,238,588
1939,375,0,2933,62,18782,23221,219,656
1940,412,0,4182,106,25154,30866,290,895
1941,421,0,5136,90,27415,32661,297,1078
1942,445,5,6639,89,28853,34249,291,1441
1943,397,0,8802,92,32034,36150,322,1760
1944,379,0,10107,70,31734,33705,282,2144
1945,379,0,14017,82,36645,35098,349,2502
1946,392,0,17637,94,39083,34819,367,3382
1947,341,0,20893,71,37711,32507,365,3902
1948,362,0,25990,118,39045,31492,423,4800
1949,341,0,30602,125,39996,31193,454,6958
1950,310,0,32817,82,38572,29168,438,8095
1951,310,0,32959,116,36614,26884,479,8590
1952,234,0,35422,91,35987,25316,516,10553
1953,247,0,36078,130,33728,22936,554,12332
1954,209,0,36669,161,31477,20983,509,13626
1955,196,0,38239,165,30404,19914,493,15749
1956,209,0,36102,158,26521,17657,534,16468
1957,213,0,34411,208,24968,16375,774,17991
1958,199,0,31526,243,22050,14645,786,18625
1959,189,0,31078,280,21280,14099,1001,20847
1960,211,0,28673,279,19400,12778,1197,22876
1961,192,0,25863,299,17668,12232,2439,23912
1962,176,0,25328,323,16571,11452,4380,26837
1963,192,7,25502,410,16348,10833,7047,27555
1964,185,0,23639,443,15170,10417,10714,29704
1965,218,0,22074,469,14874,10201,18368,32661
1966,223,6,20900,608,14561,9889,23715,36901
1967,295,8,21654,676,15032,10013,31611,39454
1968,284,10,21595,788,14785,9799,38437,39620
1969,238,12,19757,1293,13378,8693,38411,36872
1970,280,10,18383,1464,12328,8300,41464,35840
1971,274,7,19714,2470,12796,8852,52708,46295
1972,310,11,18962,5838,12751,8978,99680,51274
1973,306,13,16622,11246,11326,8305,96211,46135
1974,333,11,14946,19208,10406,7709,91010,46337
1975,379,15,13614,29073,9555,7060,80439,47952
1976,409,15,12820,42045,9082,6945,73947,56433
1977,418,24,12125,49809,8608,6470,67092,53090
1978,428,15,11367,52196,8154,6120,61264,51007
1979,428,21,10615,54674,7791,5940,55371,49133
1980,452,8,9928,52314,7241,5596,51279,46210
1981,643,25,9213,47829,6862,5279,48067,43332
1982,667,27,8474,40065,6401,5015,44495,39277
1983,796,38,7709,32936,5539,4763,41898,37932
1984,858,37,7317,29552,5238,4378,40409,35221
1985,977,57,6503,25269,5077,4069,37314,32107
1986,1057,80,5580,24092,4726,3855,35574,28867
1987,948,95,4765,22893,4075,3587,31462,26538
1988,1035,108,4154,21062,3791,3340,27715,25363
1989,1275,180,4067,19306,3535,3095,23633,26087
1990,1650,218,3565,17083,2960,2804,19339,23551
1991,2329,263,2948,16250,2667,2449,15560,20115
1992,2663,386,2543,14007,2316,2153,13199,17746
1993,2430,544,2134,12286,2084,1881,11368,15806
1994,2817,643,2133,11186,1778,1857,10248,14957
1995,3550,932,1967,9853,1802,1715,8734,13404
1996,4133,1164,1763,8675,1626,1441,7379,11466
1997,4181,1176,1366,6279,1277,1245,5746,9602
1998,5627,1253,1323,4984,1175,1133,4735,8477
1999,7476,1626,1130,4345,1100,1140,4085,8040
2000,12653,1988,1021,3415,975,1057,3525,7056
2001,15591,2292,908,2994,983,942,3141,6017
2002,18280,2706,807,2677,934,992,2909,5907
2003,20522,3484,715,2479,913,922,2936,5498
2004,31927,4450,711,2181,889,879,2739,5651
2005,35819,7296,658,1938,895,909,2805,5309
2006,34373,8877,662,1905,787,896,2730,5285
2007,34210,14851,635,1842,828,875,2787,5167
2008,33754,33290,563,1605,759,844,2473,4922
2009,33906,38759,503,1468,682,859,2334,4475
2010,39050,47007,502,1401,719,809,2113,4398
2011,40522,49674,407,1284,629,766,1951,4246
2012,41786,54845,435,1203,614,815,1929,3913
2013,39451,49963,395,1056,608,775,1844,3798
2014,36827,47585,399,1076,620,857,1844,3606
2015,34405,45553,406,1094,596,861,1658,3578
2016,28887,43482,345,1014,498,773,1608,3418
2017,25034,38452,296,919,508,827,1580,2951
2018,20809,34847,292,797,476,868,1487,2660
2019,18715,30278,275,740,442,848,1281,2363
2020,16345,26603,234,660,376,837,1233,2160
2021,13973,23676,217,633,350,900,987,1970
2022,12239,20895,189,638,315,812,1095,1781
2023,10908,19871,194,553,312,832,970,1704
2024,9741,18132,182,524,335,841,898,1532
2025,8550,17997,174,545,312,890,849,1392
2026,6963,16524,153,489,317,884,837,1223
2027,6132,15339,127,474,263,875,769,1113
2028,5339,14512,142,421,291,783,739,1011
2029,4677,14370,136,427,288,860,727,997
2030,4088,13270,132,425,234,960,745,877
2031,3355,12340,135,423,265,948,698,775
2032,3038,11423,134,371,262,931,659,725
2033,2439,9402,137,355,242,884,611,629
2034,1952,7811,148,346,226,826,550,564
2035,1655,6306,132,354,240,703,476,479
2036,1409,5398,167,332,276,729,488,427
2037,1228,4696,140,336,277,772,448,394
2038,1064,3936,174,329,334,738,441,419
2039,1048,3547,193,369,382,801,470,377
2040,1013,3409,186,346,395,757,423,346